id,customer_id,activity_ts,activity,revenue_impact,feature_json
1,355,2022-01-26T20:53:59Z,converted_to_customer,0.0,"[{""agent_id"":1,""customer_id"":""157""}]"
2,414,2022-06-08T01:47:41Z,converted_to_customer,0.0,"[{""agent_id"":1,""customer_id"":""17""}]"
3,311,2022-09-14T10:02:29Z,converted_to_customer,0.0,"[{""agent_id"":1,""customer_id"":""448""}]"
4,192,2022-12-24T17:28:34Z,converted_to_customer,0.0,"[{""agent_id"":1,""customer_id"":""30""}]"
5,93,2022-01-08T18:26:55Z,converted_to_customer,0.0,"[{""agent_id"":1,""customer_id"":""31""}]"
6,359,2022-01-25T17:04:44Z,converted_to_customer,0.0,"[{""agent_id"":1,""customer_id"":""231""}]"
7,180,2022-12-03T22:32:30Z,converted_to_customer,0.0,"[{""agent_id"":1,""customer_id"":""60""}]"
8,479,2022-06-08T12:50:14Z,converted_to_customer,0.0,"[{""agent_id"":1,""customer_id"":""53""}]"
9,16,2022-08-22T10:53:21Z,converted_to_customer,0.0,"[{""agent_id"":1,""customer_id"":""319""}]"
10,464,2022-05-26T12:51:53Z,converted_to_customer,0.0,"[{""agent_id"":1,""customer_id"":""490""}]"
11,398,2022-05-25T18:38:20Z,converted_to_customer,0.0,"[{""agent_id"":1,""customer_id"":""392""}]"
12,468,2022-12-25T02:28:34Z,converted_to_customer,0.0,"[{""agent_id"":1,""customer_id"":""172""}]"
13,273,2022-02-19T01:46:11Z,converted_to_customer,0.0,"[{""agent_id"":1,""customer_id"":""205""}]"
14,447,2022-12-10T07:42:50Z,converted_to_customer,0.0,"[{""agent_id"":1,""customer_id"":""374""}]"
15,226,2022-11-01T13:10:43Z,converted_to_customer,0.0,"[{""agent_id"":1,""customer_id"":""219""}]"
16,239,2022-05-05T12:38:33Z,converted_to_customer,0.0,"[{""agent_id"":1,""customer_id"":""494""}]"
17,79,2022-09-11T08:50:03Z,converted_to_customer,0.0,"[{""agent_id"":1,""customer_id"":""167""}]"
18,217,2022-06-14T02:39:38Z,converted_to_customer,0.0,"[{""agent_id"":1,""customer_id"":""289""}]"
19,138,2022-02-04T02:29:38Z,converted_to_customer,0.0,"[{""agent_id"":1,""customer_id"":""486""}]"
20,420,2022-11-15T10:47:53Z,converted_to_customer,0.0,"[{""agent_id"":1,""customer_id"":""239""}]"
21,202,2022-12-27T07:24:22Z,converted_to_customer,0.0,"[{""agent_id"":1,""customer_id"":""145""}]"
22,294,2022-05-23T02:54:42Z,converted_to_customer,0.0,"[{""agent_id"":1,""customer_id"":""286""}]"
23,38,2022-05-11T02:34:58Z,converted_to_customer,0.0,"[{""agent_id"":1,""customer_id"":""388""}]"
24,199,2022-05-29T02:59:02Z,converted_to_customer,0.0,"[{""agent_id"":1,""customer_id"":""382""}]"
25,428,2022-04-28T11:19:56Z,converted_to_customer,0.0,"[{""agent_id"":1,""customer_id"":""384""}]"
26,495,2022-05-12T19:11:06Z,converted_to_customer,0.0,"[{""agent_id"":1,""customer_id"":""89""}]"
27,440,2022-02-14T00:20:40Z,converted_to_customer,0.0,"[{""agent_id"":1,""customer_id"":""401""}]"
28,347,2022-06-04T15:44:30Z,converted_to_customer,0.0,"[{""agent_id"":1,""customer_id"":""221""}]"
29,7,2022-11-18T15:19:50Z,converted_to_customer,0.0,"[{""agent_id"":1,""customer_id"":""74""}]"
30,255,2022-11-17T12:57:02Z,converted_to_customer,0.0,"[{""agent_id"":1,""customer_id"":""114""}]"
31,308,2022-08-18T07:33:22Z,converted_to_customer,0.0,"[{""agent_id"":1,""customer_id"":""131""}]"
32,172,2022-10-29T19:42:20Z,converted_to_customer,0.0,"[{""agent_id"":1,""customer_id"":""126""}]"
33,307,2022-07-13T12:18:36Z,converted_to_customer,0.0,"[{""agent_id"":1,""customer_id"":""196""}]"
34,246,2022-02-07T08:43:07Z,converted_to_customer,0.0,"[{""agent_id"":1,""customer_id"":""472""}]"
35,232,2022-07-06T23:17:46Z,converted_to_customer,0.0,"[{""agent_id"":1,""customer_id"":""228""}]"
36,260,2022-09-04T15:20:27Z,converted_to_customer,0.0,"[{""agent_id"":1,""customer_id"":""101""}]"
37,467,2022-08-25T05:08:23Z,converted_to_customer,0.0,"[{""agent_id"":1,""customer_id"":""441""}]"
38,48,2022-10-12T18:16:27Z,converted_to_customer,0.0,"[{""agent_id"":1,""customer_id"":""383""}]"
39,121,2022-10-23T05:37:20Z,converted_to_customer,0.0,"[{""agent_id"":1,""customer_id"":""72""}]"
40,402,2022-05-23T02:28:38Z,converted_to_customer,0.0,"[{""agent_id"":1,""customer_id"":""363""}]"
41,187,2022-04-22T04:48:17Z,converted_to_customer,0.0,"[{""agent_id"":1,""customer_id"":""18""}]"
42,44,2022-11-19T16:57:41Z,converted_to_customer,0.0,"[{""agent_id"":1,""customer_id"":""426""}]"
43,87,2022-11-24T23:53:30Z,converted_to_customer,0.0,"[{""agent_id"":1,""customer_id"":""25""}]"
44,293,2022-03-30T23:46:12Z,converted_to_customer,0.0,"[{""agent_id"":1,""customer_id"":""150""}]"
45,223,2022-01-09T16:50:31Z,converted_to_customer,0.0,"[{""agent_id"":1,""customer_id"":""436""}]"
46,389,2022-02-18T04:22:09Z,converted_to_customer,0.0,"[{""agent_id"":1,""customer_id"":""480""}]"
47,263,2022-05-17T02:52:33Z,converted_to_customer,0.0,"[{""agent_id"":1,""customer_id"":""173""}]"
48,65,2022-10-23T00:03:07Z,converted_to_customer,0.0,"[{""agent_id"":1,""customer_id"":""281""}]"
49,500,2022-04-23T03:00:48Z,converted_to_customer,0.0,"[{""agent_id"":1,""customer_id"":""430""}]"
50,418,2022-10-16T14:16:41Z,converted_to_customer,0.0,"[{""agent_id"":1,""customer_id"":""244""}]"
51,286,2022-05-26T19:16:26Z,converted_to_customer,0.0,"[{""agent_id"":1,""customer_id"":""458""}]"
52,448,2022-11-19T06:39:40Z,converted_to_customer,0.0,"[{""agent_id"":1,""customer_id"":""453""}]"
53,366,2022-11-20T05:58:04Z,converted_to_customer,0.0,"[{""agent_id"":1,""customer_id"":""301""}]"
54,120,2022-03-26T08:27:04Z,converted_to_customer,0.0,"[{""agent_id"":1,""customer_id"":""247""}]"
55,92,2022-06-26T11:06:06Z,converted_to_customer,0.0,"[{""agent_id"":1,""customer_id"":""7""}]"
56,384,2022-12-03T11:25:25Z,converted_to_customer,0.0,"[{""agent_id"":1,""customer_id"":""185""}]"
57,118,2022-11-08T11:12:43Z,converted_to_customer,0.0,"[{""agent_id"":1,""customer_id"":""123""}]"
58,246,2022-04-09T19:35:24Z,converted_to_customer,0.0,"[{""agent_id"":1,""customer_id"":""133""}]"
59,478,2022-04-12T06:00:11Z,converted_to_customer,0.0,"[{""agent_id"":1,""customer_id"":""238""}]"
60,248,2022-04-10T07:49:12Z,converted_to_customer,0.0,"[{""agent_id"":1,""customer_id"":""477""}]"
61,162,2022-07-11T14:08:18Z,converted_to_customer,0.0,"[{""agent_id"":1,""customer_id"":""419""}]"
62,412,2022-01-19T14:37:42Z,converted_to_customer,0.0,"[{""agent_id"":1,""customer_id"":""47""}]"
63,172,2022-11-11T11:52:32Z,converted_to_customer,0.0,"[{""agent_id"":1,""customer_id"":""269""}]"
64,30,2022-01-15T08:48:27Z,converted_to_customer,0.0,"[{""agent_id"":1,""customer_id"":""388""}]"
65,450,2022-10-20T09:26:55Z,converted_to_customer,0.0,"[{""agent_id"":1,""customer_id"":""455""}]"
66,321,2022-10-10T09:46:28Z,converted_to_customer,0.0,"[{""agent_id"":1,""customer_id"":""237""}]"
67,454,2022-11-28T05:06:03Z,converted_to_customer,0.0,"[{""agent_id"":1,""customer_id"":""211""}]"
68,231,2022-09-24T14:57:43Z,converted_to_customer,0.0,"[{""agent_id"":1,""customer_id"":""38""}]"
69,122,2022-12-16T17:00:10Z,converted_to_customer,0.0,"[{""agent_id"":1,""customer_id"":""78""}]"
70,351,2022-12-02T18:23:02Z,converted_to_customer,0.0,"[{""agent_id"":1,""customer_id"":""219""}]"
71,461,2022-04-23T11:21:05Z,converted_to_customer,0.0,"[{""agent_id"":1,""customer_id"":""408""}]"
72,208,2022-04-12T00:58:57Z,converted_to_customer,0.0,"[{""agent_id"":1,""customer_id"":""296""}]"
73,109,2022-06-25T00:15:44Z,converted_to_customer,0.0,"[{""agent_id"":1,""customer_id"":""494""}]"
74,263,2022-02-12T23:04:48Z,converted_to_customer,0.0,"[{""agent_id"":1,""customer_id"":""68""}]"
75,47,2022-09-25T20:50:33Z,converted_to_customer,0.0,"[{""agent_id"":1,""customer_id"":""16""}]"
76,419,2022-04-06T15:21:44Z,converted_to_customer,0.0,"[{""agent_id"":1,""customer_id"":""105""}]"
77,250,2022-12-12T20:25:12Z,converted_to_customer,0.0,"[{""agent_id"":1,""customer_id"":""394""}]"
78,487,2022-06-30T01:42:41Z,converted_to_customer,0.0,"[{""agent_id"":1,""customer_id"":""396""}]"
79,418,2022-10-24T19:25:04Z,converted_to_customer,0.0,"[{""agent_id"":1,""customer_id"":""298""}]"
80,95,2022-08-10T08:53:12Z,converted_to_customer,0.0,"[{""agent_id"":1,""customer_id"":""268""}]"
81,201,2022-11-10T02:16:49Z,converted_to_customer,0.0,"[{""agent_id"":1,""customer_id"":""320""}]"
82,206,2022-02-08T20:45:02Z,converted_to_customer,0.0,"[{""agent_id"":1,""customer_id"":""420""}]"
83,126,2022-06-03T00:03:22Z,converted_to_customer,0.0,"[{""agent_id"":1,""customer_id"":""156""}]"
84,220,2022-09-20T18:32:38Z,converted_to_customer,0.0,"[{""agent_id"":1,""customer_id"":""161""}]"
85,175,2022-03-26T06:59:48Z,converted_to_customer,0.0,"[{""agent_id"":1,""customer_id"":""311""}]"
86,35,2022-11-17T05:32:58Z,converted_to_customer,0.0,"[{""agent_id"":1,""customer_id"":""275""}]"
87,425,2022-09-27T19:41:42Z,converted_to_customer,0.0,"[{""agent_id"":1,""customer_id"":""313""}]"
88,157,2022-07-29T07:18:36Z,converted_to_customer,0.0,"[{""agent_id"":1,""customer_id"":""495""}]"
89,271,2022-05-11T09:19:40Z,converted_to_customer,0.0,"[{""agent_id"":1,""customer_id"":""263""}]"
90,446,2022-04-28T06:23:56Z,converted_to_customer,0.0,"[{""agent_id"":1,""customer_id"":""13""}]"
91,96,2022-04-23T00:50:05Z,converted_to_customer,0.0,"[{""agent_id"":1,""customer_id"":""282""}]"
92,458,2022-10-31T22:28:32Z,converted_to_customer,0.0,"[{""agent_id"":1,""customer_id"":""23""}]"
93,463,2022-04-08T12:23:02Z,converted_to_customer,0.0,"[{""agent_id"":1,""customer_id"":""338""}]"
94,294,2022-11-19T02:24:24Z,converted_to_customer,0.0,"[{""agent_id"":1,""customer_id"":""323""}]"
95,241,2022-12-13T02:10:58Z,converted_to_customer,0.0,"[{""agent_id"":1,""customer_id"":""163""}]"
96,394,2022-07-16T17:16:15Z,converted_to_customer,0.0,"[{""agent_id"":1,""customer_id"":""459""}]"
97,466,2022-06-14T16:36:10Z,converted_to_customer,0.0,"[{""agent_id"":1,""customer_id"":""225""}]"
98,29,2022-08-10T07:15:33Z,converted_to_customer,0.0,"[{""agent_id"":1,""customer_id"":""297""}]"
99,16,2022-07-11T23:10:52Z,converted_to_customer,0.0,"[{""agent_id"":1,""customer_id"":""45""}]"
100,278,2022-01-16T07:07:57Z,converted_to_customer,0.0,"[{""agent_id"":1,""customer_id"":""452""}]"
101,299,2022-07-07T18:58:07Z,converted_to_customer,0.0,"[{""agent_id"":1,""customer_id"":""154""}]"
102,186,2022-07-27T07:22:18Z,converted_to_customer,0.0,"[{""agent_id"":1,""customer_id"":""214""}]"
103,382,2022-03-23T10:01:03Z,converted_to_customer,0.0,"[{""agent_id"":1,""customer_id"":""488""}]"
104,101,2022-09-04T13:46:18Z,converted_to_customer,0.0,"[{""agent_id"":1,""customer_id"":""200""}]"
105,393,2022-05-08T08:39:46Z,converted_to_customer,0.0,"[{""agent_id"":1,""customer_id"":""124""}]"
106,106,2022-08-16T19:28:45Z,converted_to_customer,0.0,"[{""agent_id"":1,""customer_id"":""188""}]"
107,412,2022-06-07T15:07:08Z,converted_to_customer,0.0,"[{""agent_id"":1,""customer_id"":""305""}]"
108,199,2022-05-31T20:00:11Z,converted_to_customer,0.0,"[{""agent_id"":1,""customer_id"":""431""}]"
109,48,2022-12-07T10:57:28Z,converted_to_customer,0.0,"[{""agent_id"":1,""customer_id"":""15""}]"
110,264,2022-05-14T13:05:15Z,converted_to_customer,0.0,"[{""agent_id"":1,""customer_id"":""42""}]"
111,366,2022-04-24T18:43:33Z,converted_to_customer,0.0,"[{""agent_id"":1,""customer_id"":""109""}]"
112,249,2022-08-15T19:17:28Z,converted_to_customer,0.0,"[{""agent_id"":1,""customer_id"":""369""}]"
113,448,2022-04-24T18:34:14Z,converted_to_customer,0.0,"[{""agent_id"":1,""customer_id"":""238""}]"
114,344,2022-04-24T11:21:15Z,converted_to_customer,0.0,"[{""agent_id"":1,""customer_id"":""278""}]"
115,415,2022-12-22T06:52:15Z,converted_to_customer,0.0,"[{""agent_id"":1,""customer_id"":""482""}]"
116,346,2022-04-04T19:26:34Z,converted_to_customer,0.0,"[{""agent_id"":1,""customer_id"":""185""}]"
117,357,2022-04-12T05:05:51Z,converted_to_customer,0.0,"[{""agent_id"":1,""customer_id"":""298""}]"
118,333,2022-09-27T22:28:29Z,converted_to_customer,0.0,"[{""agent_id"":1,""customer_id"":""73""}]"
119,150,2022-06-13T12:12:53Z,converted_to_customer,0.0,"[{""agent_id"":1,""customer_id"":""480""}]"
120,256,2022-12-12T00:50:06Z,converted_to_customer,0.0,"[{""agent_id"":1,""customer_id"":""271""}]"
121,171,2022-11-12T05:40:53Z,converted_to_customer,0.0,"[{""agent_id"":1,""customer_id"":""260""}]"
122,324,2022-01-10T05:07:35Z,converted_to_customer,0.0,"[{""agent_id"":1,""customer_id"":""234""}]"
123,243,2022-06-01T20:23:16Z,converted_to_customer,0.0,"[{""agent_id"":1,""customer_id"":""90""}]"
124,351,2022-01-27T08:28:49Z,converted_to_customer,0.0,"[{""agent_id"":1,""customer_id"":""281""}]"
125,486,2022-08-25T05:51:15Z,converted_to_customer,0.0,"[{""agent_id"":1,""customer_id"":""209""}]"
126,271,2022-09-21T05:52:09Z,converted_to_customer,0.0,"[{""agent_id"":1,""customer_id"":""360""}]"
127,263,2022-10-06T03:04:27Z,converted_to_customer,0.0,"[{""agent_id"":1,""customer_id"":""79""}]"
128,365,2022-06-11T19:44:33Z,converted_to_customer,0.0,"[{""agent_id"":1,""customer_id"":""102""}]"
129,131,2022-04-03T14:20:26Z,converted_to_customer,0.0,"[{""agent_id"":1,""customer_id"":""362""}]"
130,359,2022-01-19T08:29:51Z,converted_to_customer,0.0,"[{""agent_id"":1,""customer_id"":""96""}]"
131,385,2022-09-18T12:05:00Z,converted_to_customer,0.0,"[{""agent_id"":1,""customer_id"":""41""}]"
132,273,2022-03-31T14:46:57Z,converted_to_customer,0.0,"[{""agent_id"":1,""customer_id"":""399""}]"
133,75,2022-04-20T15:31:29Z,converted_to_customer,0.0,"[{""agent_id"":1,""customer_id"":""161""}]"
134,73,2022-03-23T20:09:39Z,converted_to_customer,0.0,"[{""agent_id"":1,""customer_id"":""473""}]"
135,147,2022-06-10T11:19:05Z,converted_to_customer,0.0,"[{""agent_id"":1,""customer_id"":""67""}]"
136,374,2022-10-31T12:47:31Z,converted_to_customer,0.0,"[{""agent_id"":1,""customer_id"":""333""}]"
137,57,2022-07-04T06:27:28Z,converted_to_customer,0.0,"[{""agent_id"":1,""customer_id"":""87""}]"
138,72,2022-03-12T04:07:20Z,converted_to_customer,0.0,"[{""agent_id"":1,""customer_id"":""441""}]"
139,437,2022-10-09T22:23:11Z,converted_to_customer,0.0,"[{""agent_id"":1,""customer_id"":""341""}]"
140,87,2022-06-15T15:46:59Z,converted_to_customer,0.0,"[{""agent_id"":1,""customer_id"":""25""}]"
141,69,2022-06-07T22:18:22Z,converted_to_customer,0.0,"[{""agent_id"":1,""customer_id"":""277""}]"
142,34,2022-05-11T14:24:25Z,converted_to_customer,0.0,"[{""agent_id"":1,""customer_id"":""216""}]"
143,443,2022-07-20T20:29:40Z,converted_to_customer,0.0,"[{""agent_id"":1,""customer_id"":""254""}]"
144,196,2022-05-18T22:18:31Z,converted_to_customer,0.0,"[{""agent_id"":1,""customer_id"":""168""}]"
145,337,2022-06-17T22:27:22Z,converted_to_customer,0.0,"[{""agent_id"":1,""customer_id"":""27""}]"
146,375,2022-01-22T19:27:43Z,converted_to_customer,0.0,"[{""agent_id"":1,""customer_id"":""365""}]"
147,391,2022-03-25T21:31:25Z,converted_to_customer,0.0,"[{""agent_id"":1,""customer_id"":""291""}]"
148,309,2022-10-27T13:53:47Z,converted_to_customer,0.0,"[{""agent_id"":1,""customer_id"":""300""}]"
149,178,2022-01-09T03:23:59Z,converted_to_customer,0.0,"[{""agent_id"":1,""customer_id"":""467""}]"
150,97,2022-01-17T05:33:33Z,converted_to_customer,0.0,"[{""agent_id"":1,""customer_id"":""381""}]"
151,450,2022-07-06T01:34:28Z,converted_to_customer,0.0,"[{""agent_id"":1,""customer_id"":""241""}]"
152,15,2022-09-15T10:41:58Z,converted_to_customer,0.0,"[{""agent_id"":1,""customer_id"":""205""}]"
153,95,2022-02-22T04:21:36Z,converted_to_customer,0.0,"[{""agent_id"":1,""customer_id"":""38""}]"
154,406,2022-02-11T08:58:53Z,converted_to_customer,0.0,"[{""agent_id"":1,""customer_id"":""120""}]"
155,123,2022-03-20T19:37:30Z,converted_to_customer,0.0,"[{""agent_id"":1,""customer_id"":""97""}]"
156,459,2022-02-24T22:26:15Z,converted_to_customer,0.0,"[{""agent_id"":1,""customer_id"":""101""}]"
157,344,2022-01-31T22:53:49Z,converted_to_customer,0.0,"[{""agent_id"":1,""customer_id"":""36""}]"
158,66,2022-12-24T05:43:01Z,converted_to_customer,0.0,"[{""agent_id"":1,""customer_id"":""177""}]"
159,107,2022-04-05T11:58:51Z,converted_to_customer,0.0,"[{""agent_id"":1,""customer_id"":""99""}]"
160,3,2022-06-05T03:54:57Z,converted_to_customer,0.0,"[{""agent_id"":1,""customer_id"":""178""}]"
161,304,2022-02-27T14:55:08Z,converted_to_customer,0.0,"[{""agent_id"":1,""customer_id"":""105""}]"
162,221,2022-02-22T01:43:59Z,converted_to_customer,0.0,"[{""agent_id"":1,""customer_id"":""103""}]"
163,90,2022-06-27T23:49:23Z,converted_to_customer,0.0,"[{""agent_id"":1,""customer_id"":""436""}]"
164,26,2022-10-10T13:16:57Z,converted_to_customer,0.0,"[{""agent_id"":1,""customer_id"":""12""}]"
165,70,2022-07-05T05:56:42Z,converted_to_customer,0.0,"[{""agent_id"":1,""customer_id"":""149""}]"
166,121,2022-12-09T17:42:23Z,converted_to_customer,0.0,"[{""agent_id"":1,""customer_id"":""256""}]"
167,118,2022-01-07T02:10:35Z,converted_to_customer,0.0,"[{""agent_id"":1,""customer_id"":""295""}]"
168,270,2022-08-02T14:18:34Z,converted_to_customer,0.0,"[{""agent_id"":1,""customer_id"":""43""}]"
169,256,2022-12-09T00:15:25Z,converted_to_customer,0.0,"[{""agent_id"":1,""customer_id"":""475""}]"
170,99,2022-08-30T15:56:29Z,converted_to_customer,0.0,"[{""agent_id"":1,""customer_id"":""265""}]"
171,115,2022-06-21T11:26:44Z,converted_to_customer,0.0,"[{""agent_id"":1,""customer_id"":""472""}]"
172,325,2022-10-25T12:04:14Z,converted_to_customer,0.0,"[{""agent_id"":1,""customer_id"":""52""}]"
173,444,2022-09-24T16:03:20Z,converted_to_customer,0.0,"[{""agent_id"":1,""customer_id"":""11""}]"
174,269,2022-09-02T14:34:29Z,converted_to_customer,0.0,"[{""agent_id"":1,""customer_id"":""154""}]"
175,405,2022-12-14T23:18:59Z,converted_to_customer,0.0,"[{""agent_id"":1,""customer_id"":""148""}]"
176,294,2022-04-23T16:02:23Z,converted_to_customer,0.0,"[{""agent_id"":1,""customer_id"":""341""}]"
177,391,2022-12-11T07:48:44Z,converted_to_customer,0.0,"[{""agent_id"":1,""customer_id"":""356""}]"
178,362,2022-11-20T19:04:44Z,converted_to_customer,0.0,"[{""agent_id"":1,""customer_id"":""328""}]"
179,153,2022-10-06T14:48:12Z,converted_to_customer,0.0,"[{""agent_id"":1,""customer_id"":""253""}]"
180,71,2022-05-04T04:53:53Z,converted_to_customer,0.0,"[{""agent_id"":1,""customer_id"":""314""}]"
181,7,2022-05-23T02:58:58Z,converted_to_customer,0.0,"[{""agent_id"":1,""customer_id"":""5""}]"
182,407,2022-05-07T11:30:37Z,converted_to_customer,0.0,"[{""agent_id"":1,""customer_id"":""156""}]"
183,215,2022-09-15T05:47:09Z,converted_to_customer,0.0,"[{""agent_id"":1,""customer_id"":""80""}]"
184,487,2022-06-17T23:40:21Z,converted_to_customer,0.0,"[{""agent_id"":1,""customer_id"":""173""}]"
185,394,2022-07-22T13:27:09Z,converted_to_customer,0.0,"[{""agent_id"":1,""customer_id"":""335""}]"
186,281,2022-08-11T03:37:42Z,converted_to_customer,0.0,"[{""agent_id"":1,""customer_id"":""161""}]"
187,122,2022-04-26T09:24:20Z,converted_to_customer,0.0,"[{""agent_id"":1,""customer_id"":""94""}]"
188,152,2022-01-20T13:18:46Z,converted_to_customer,0.0,"[{""agent_id"":1,""customer_id"":""395""}]"
189,380,2022-02-09T16:39:48Z,converted_to_customer,0.0,"[{""agent_id"":1,""customer_id"":""333""}]"
190,305,2022-07-08T12:20:53Z,converted_to_customer,0.0,"[{""agent_id"":1,""customer_id"":""281""}]"
191,356,2022-01-05T04:54:37Z,converted_to_customer,0.0,"[{""agent_id"":1,""customer_id"":""493""}]"
192,140,2022-02-07T03:33:30Z,converted_to_customer,0.0,"[{""agent_id"":1,""customer_id"":""345""}]"
193,125,2022-08-05T23:42:10Z,converted_to_customer,0.0,"[{""agent_id"":1,""customer_id"":""270""}]"
194,300,2022-11-26T17:09:22Z,converted_to_customer,0.0,"[{""agent_id"":1,""customer_id"":""27""}]"
195,308,2022-05-09T09:29:21Z,converted_to_customer,0.0,"[{""agent_id"":1,""customer_id"":""206""}]"
196,130,2022-09-29T18:40:50Z,converted_to_customer,0.0,"[{""agent_id"":1,""customer_id"":""194""}]"
197,174,2022-10-24T11:19:13Z,converted_to_customer,0.0,"[{""agent_id"":1,""customer_id"":""66""}]"
198,81,2022-03-10T23:14:14Z,converted_to_customer,0.0,"[{""agent_id"":1,""customer_id"":""401""}]"
199,251,2022-04-16T14:15:20Z,converted_to_customer,0.0,"[{""agent_id"":1,""customer_id"":""431""}]"
200,255,2022-05-25T15:45:37Z,converted_to_customer,0.0,"[{""agent_id"":1,""customer_id"":""450""}]"
201,329,2022-01-28T01:48:28Z,converted_to_customer,0.0,"[{""agent_id"":1,""customer_id"":""310""}]"
202,317,2022-10-13T13:55:09Z,converted_to_customer,0.0,"[{""agent_id"":1,""customer_id"":""342""}]"
203,33,2022-10-15T23:48:57Z,converted_to_customer,0.0,"[{""agent_id"":1,""customer_id"":""259""}]"
204,25,2022-07-11T17:16:54Z,converted_to_customer,0.0,"[{""agent_id"":1,""customer_id"":""105""}]"
205,277,2022-10-12T19:02:31Z,converted_to_customer,0.0,"[{""agent_id"":1,""customer_id"":""33""}]"
206,165,2022-11-28T19:23:00Z,converted_to_customer,0.0,"[{""agent_id"":1,""customer_id"":""220""}]"
207,19,2022-08-22T01:47:17Z,converted_to_customer,0.0,"[{""agent_id"":1,""customer_id"":""181""}]"
208,65,2022-06-14T05:31:33Z,converted_to_customer,0.0,"[{""agent_id"":1,""customer_id"":""470""}]"
209,59,2022-04-29T17:57:14Z,converted_to_customer,0.0,"[{""agent_id"":1,""customer_id"":""185""}]"
210,286,2022-12-05T20:02:24Z,converted_to_customer,0.0,"[{""agent_id"":1,""customer_id"":""387""}]"
211,463,2022-12-02T19:16:48Z,converted_to_customer,0.0,"[{""agent_id"":1,""customer_id"":""5""}]"
212,313,2022-07-21T06:44:18Z,converted_to_customer,0.0,"[{""agent_id"":1,""customer_id"":""186""}]"
213,93,2022-09-20T21:37:50Z,converted_to_customer,0.0,"[{""agent_id"":1,""customer_id"":""275""}]"
214,399,2022-06-02T18:46:57Z,converted_to_customer,0.0,"[{""agent_id"":1,""customer_id"":""7""}]"
215,319,2022-03-03T11:50:58Z,converted_to_customer,0.0,"[{""agent_id"":1,""customer_id"":""400""}]"
216,259,2022-10-18T03:49:46Z,converted_to_customer,0.0,"[{""agent_id"":1,""customer_id"":""399""}]"
217,444,2022-11-08T04:20:21Z,converted_to_customer,0.0,"[{""agent_id"":1,""customer_id"":""414""}]"
218,390,2022-10-29T00:27:59Z,converted_to_customer,0.0,"[{""agent_id"":1,""customer_id"":""26""}]"
219,170,2022-01-31T10:36:27Z,converted_to_customer,0.0,"[{""agent_id"":1,""customer_id"":""37""}]"
220,94,2022-11-29T02:48:42Z,converted_to_customer,0.0,"[{""agent_id"":1,""customer_id"":""167""}]"
221,215,2022-07-16T22:56:15Z,converted_to_customer,0.0,"[{""agent_id"":1,""customer_id"":""196""}]"
222,476,2022-01-29T16:10:12Z,converted_to_customer,0.0,"[{""agent_id"":1,""customer_id"":""430""}]"
223,396,2022-01-09T01:14:23Z,converted_to_customer,0.0,"[{""agent_id"":1,""customer_id"":""441""}]"
224,347,2022-09-16T23:23:13Z,converted_to_customer,0.0,"[{""agent_id"":1,""customer_id"":""443""}]"
225,361,2022-03-10T01:11:00Z,converted_to_customer,0.0,"[{""agent_id"":1,""customer_id"":""178""}]"
226,354,2022-10-29T05:19:10Z,converted_to_customer,0.0,"[{""agent_id"":1,""customer_id"":""51""}]"
227,43,2022-06-04T11:53:01Z,converted_to_customer,0.0,"[{""agent_id"":1,""customer_id"":""149""}]"
228,304,2022-07-22T04:05:38Z,converted_to_customer,0.0,"[{""agent_id"":1,""customer_id"":""274""}]"
229,105,2022-09-29T00:01:56Z,converted_to_customer,0.0,"[{""agent_id"":1,""customer_id"":""23""}]"
230,462,2022-01-05T10:48:07Z,converted_to_customer,0.0,"[{""agent_id"":1,""customer_id"":""107""}]"
231,184,2022-09-20T09:20:42Z,converted_to_customer,0.0,"[{""agent_id"":1,""customer_id"":""175""}]"
232,136,2022-02-10T15:37:29Z,converted_to_customer,0.0,"[{""agent_id"":1,""customer_id"":""42""}]"
233,315,2022-01-29T05:19:17Z,converted_to_customer,0.0,"[{""agent_id"":1,""customer_id"":""335""}]"
234,440,2022-07-08T08:38:42Z,converted_to_customer,0.0,"[{""agent_id"":1,""customer_id"":""389""}]"
235,301,2022-02-03T05:33:19Z,converted_to_customer,0.0,"[{""agent_id"":1,""customer_id"":""15""}]"
236,284,2022-01-15T20:34:23Z,converted_to_customer,0.0,"[{""agent_id"":1,""customer_id"":""383""}]"
237,12,2022-11-03T21:51:23Z,converted_to_customer,0.0,"[{""agent_id"":1,""customer_id"":""452""}]"
238,134,2022-01-20T10:19:30Z,converted_to_customer,0.0,"[{""agent_id"":1,""customer_id"":""479""}]"
239,144,2022-09-20T22:55:05Z,converted_to_customer,0.0,"[{""agent_id"":1,""customer_id"":""118""}]"
240,422,2022-10-28T01:04:11Z,converted_to_customer,0.0,"[{""agent_id"":1,""customer_id"":""429""}]"
241,403,2022-10-03T20:47:51Z,converted_to_customer,0.0,"[{""agent_id"":1,""customer_id"":""465""}]"
242,78,2022-09-25T15:20:41Z,converted_to_customer,0.0,"[{""agent_id"":1,""customer_id"":""103""}]"
243,3,2022-08-01T13:02:30Z,converted_to_customer,0.0,"[{""agent_id"":1,""customer_id"":""187""}]"
244,357,2022-08-04T14:40:51Z,converted_to_customer,0.0,"[{""agent_id"":1,""customer_id"":""428""}]"
245,18,2022-03-27T07:15:24Z,converted_to_customer,0.0,"[{""agent_id"":1,""customer_id"":""83""}]"
246,39,2022-11-16T10:22:22Z,converted_to_customer,0.0,"[{""agent_id"":1,""customer_id"":""455""}]"
247,207,2022-07-09T16:14:00Z,converted_to_customer,0.0,"[{""agent_id"":1,""customer_id"":""226""}]"
248,161,2022-06-14T14:04:53Z,converted_to_customer,0.0,"[{""agent_id"":1,""customer_id"":""123""}]"
249,5,2022-01-15T02:19:27Z,converted_to_customer,0.0,"[{""agent_id"":1,""customer_id"":""209""}]"
250,356,2022-02-28T21:03:14Z,converted_to_customer,0.0,"[{""agent_id"":1,""customer_id"":""253""}]"
251,352,2022-04-20T06:00:33Z,converted_to_customer,0.0,"[{""agent_id"":1,""customer_id"":""20""}]"
252,410,2022-11-14T21:38:17Z,converted_to_customer,0.0,"[{""agent_id"":1,""customer_id"":""444""}]"
253,276,2022-05-31T21:20:12Z,converted_to_customer,0.0,"[{""agent_id"":1,""customer_id"":""86""}]"
254,146,2022-10-22T00:36:09Z,converted_to_customer,0.0,"[{""agent_id"":1,""customer_id"":""220""}]"
255,248,2022-06-27T05:28:11Z,converted_to_customer,0.0,"[{""agent_id"":1,""customer_id"":""248""}]"
256,213,2022-05-15T11:20:39Z,converted_to_customer,0.0,"[{""agent_id"":1,""customer_id"":""472""}]"
257,272,2022-03-13T14:33:58Z,converted_to_customer,0.0,"[{""agent_id"":1,""customer_id"":""136""}]"
258,427,2022-07-04T22:47:21Z,converted_to_customer,0.0,"[{""agent_id"":1,""customer_id"":""266""}]"
259,344,2022-08-16T00:27:45Z,converted_to_customer,0.0,"[{""agent_id"":1,""customer_id"":""267""}]"
260,333,2022-02-02T17:11:43Z,converted_to_customer,0.0,"[{""agent_id"":1,""customer_id"":""268""}]"
261,75,2022-03-31T12:46:39Z,converted_to_customer,0.0,"[{""agent_id"":1,""customer_id"":""110""}]"
262,453,2022-01-12T04:41:49Z,converted_to_customer,0.0,"[{""agent_id"":1,""customer_id"":""471""}]"
263,368,2022-05-07T10:57:17Z,converted_to_customer,0.0,"[{""agent_id"":1,""customer_id"":""285""}]"
264,262,2022-11-10T05:07:41Z,converted_to_customer,0.0,"[{""agent_id"":1,""customer_id"":""314""}]"
265,353,2022-02-16T16:51:25Z,converted_to_customer,0.0,"[{""agent_id"":1,""customer_id"":""58""}]"
266,85,2022-03-17T01:44:58Z,converted_to_customer,0.0,"[{""agent_id"":1,""customer_id"":""118""}]"
267,160,2022-02-01T22:24:52Z,converted_to_customer,0.0,"[{""agent_id"":1,""customer_id"":""351""}]"
268,131,2022-01-12T04:56:19Z,converted_to_customer,0.0,"[{""agent_id"":1,""customer_id"":""114""}]"
269,500,2022-03-14T02:58:49Z,converted_to_customer,0.0,"[{""agent_id"":1,""customer_id"":""360""}]"
270,136,2022-12-16T10:22:07Z,converted_to_customer,0.0,"[{""agent_id"":1,""customer_id"":""341""}]"
271,486,2022-08-16T15:27:47Z,converted_to_customer,0.0,"[{""agent_id"":1,""customer_id"":""475""}]"
272,212,2022-09-21T15:40:29Z,converted_to_customer,0.0,"[{""agent_id"":1,""customer_id"":""293""}]"
273,235,2022-06-30T02:37:15Z,converted_to_customer,0.0,"[{""agent_id"":1,""customer_id"":""479""}]"
274,126,2022-06-15T14:36:32Z,converted_to_customer,0.0,"[{""agent_id"":1,""customer_id"":""151""}]"
275,135,2022-07-12T22:22:42Z,converted_to_customer,0.0,"[{""agent_id"":1,""customer_id"":""46""}]"
276,177,2022-01-18T07:37:32Z,converted_to_customer,0.0,"[{""agent_id"":1,""customer_id"":""236""}]"
277,183,2022-06-19T16:34:23Z,converted_to_customer,0.0,"[{""agent_id"":1,""customer_id"":""280""}]"
278,412,2022-04-04T13:39:38Z,converted_to_customer,0.0,"[{""agent_id"":1,""customer_id"":""105""}]"
279,206,2022-12-11T13:12:18Z,converted_to_customer,0.0,"[{""agent_id"":1,""customer_id"":""251""}]"
280,22,2022-08-23T01:19:35Z,converted_to_customer,0.0,"[{""agent_id"":1,""customer_id"":""335""}]"
281,285,2022-09-07T20:34:12Z,converted_to_customer,0.0,"[{""agent_id"":1,""customer_id"":""140""}]"
282,258,2022-05-15T04:37:34Z,converted_to_customer,0.0,"[{""agent_id"":1,""customer_id"":""332""}]"
283,263,2022-06-27T03:51:31Z,converted_to_customer,0.0,"[{""agent_id"":1,""customer_id"":""380""}]"
284,491,2022-08-20T18:00:31Z,converted_to_customer,0.0,"[{""agent_id"":1,""customer_id"":""14""}]"
285,415,2022-01-28T18:08:19Z,converted_to_customer,0.0,"[{""agent_id"":1,""customer_id"":""354""}]"
286,101,2022-05-01T12:46:51Z,converted_to_customer,0.0,"[{""agent_id"":1,""customer_id"":""373""}]"
287,446,2022-01-28T15:44:12Z,converted_to_customer,0.0,"[{""agent_id"":1,""customer_id"":""348""}]"
288,77,2022-10-21T13:57:52Z,converted_to_customer,0.0,"[{""agent_id"":1,""customer_id"":""235""}]"
289,499,2022-03-07T17:05:44Z,converted_to_customer,0.0,"[{""agent_id"":1,""customer_id"":""68""}]"
290,127,2022-01-02T11:12:16Z,converted_to_customer,0.0,"[{""agent_id"":1,""customer_id"":""234""}]"
291,46,2022-07-31T14:40:44Z,converted_to_customer,0.0,"[{""agent_id"":1,""customer_id"":""500""}]"
292,264,2022-10-25T04:10:29Z,converted_to_customer,0.0,"[{""agent_id"":1,""customer_id"":""24""}]"
293,144,2022-06-08T22:48:35Z,converted_to_customer,0.0,"[{""agent_id"":1,""customer_id"":""468""}]"
294,211,2022-08-08T20:23:56Z,converted_to_customer,0.0,"[{""agent_id"":1,""customer_id"":""412""}]"
295,43,2022-01-03T08:41:41Z,converted_to_customer,0.0,"[{""agent_id"":1,""customer_id"":""306""}]"
296,133,2022-03-23T16:58:33Z,converted_to_customer,0.0,"[{""agent_id"":1,""customer_id"":""343""}]"
297,120,2022-03-24T08:42:50Z,converted_to_customer,0.0,"[{""agent_id"":1,""customer_id"":""203""}]"
298,93,2022-07-24T17:16:10Z,converted_to_customer,0.0,"[{""agent_id"":1,""customer_id"":""394""}]"
299,342,2022-08-02T11:50:17Z,converted_to_customer,0.0,"[{""agent_id"":1,""customer_id"":""257""}]"
300,105,2022-07-05T06:39:33Z,converted_to_customer,0.0,"[{""agent_id"":1,""customer_id"":""484""}]"
301,97,2022-06-19T11:20:34Z,converted_to_customer,0.0,"[{""agent_id"":1,""customer_id"":""444""}]"
302,28,2022-12-22T12:57:02Z,converted_to_customer,0.0,"[{""agent_id"":1,""customer_id"":""449""}]"
303,446,2022-09-25T11:16:26Z,converted_to_customer,0.0,"[{""agent_id"":1,""customer_id"":""61""}]"
304,189,2022-03-05T05:27:58Z,converted_to_customer,0.0,"[{""agent_id"":1,""customer_id"":""56""}]"
305,244,2022-01-13T00:38:22Z,converted_to_customer,0.0,"[{""agent_id"":1,""customer_id"":""128""}]"
306,487,2022-01-10T09:57:22Z,converted_to_customer,0.0,"[{""agent_id"":1,""customer_id"":""221""}]"
307,445,2022-09-30T23:54:30Z,converted_to_customer,0.0,"[{""agent_id"":1,""customer_id"":""306""}]"
308,433,2022-01-04T17:41:29Z,converted_to_customer,0.0,"[{""agent_id"":1,""customer_id"":""415""}]"
309,498,2022-04-11T04:44:59Z,converted_to_customer,0.0,"[{""agent_id"":1,""customer_id"":""253""}]"
310,328,2022-04-04T17:46:59Z,converted_to_customer,0.0,"[{""agent_id"":1,""customer_id"":""305""}]"
311,256,2022-06-01T11:09:41Z,converted_to_customer,0.0,"[{""agent_id"":1,""customer_id"":""408""}]"
312,269,2022-11-20T09:37:21Z,converted_to_customer,0.0,"[{""agent_id"":1,""customer_id"":""396""}]"
313,424,2022-05-17T19:09:40Z,converted_to_customer,0.0,"[{""agent_id"":1,""customer_id"":""332""}]"
314,222,2022-02-23T00:20:42Z,converted_to_customer,0.0,"[{""agent_id"":1,""customer_id"":""86""}]"
315,479,2022-10-05T02:25:34Z,converted_to_customer,0.0,"[{""agent_id"":1,""customer_id"":""473""}]"
316,290,2022-11-28T11:06:16Z,converted_to_customer,0.0,"[{""agent_id"":1,""customer_id"":""407""}]"
317,360,2022-04-25T00:29:39Z,converted_to_customer,0.0,"[{""agent_id"":1,""customer_id"":""315""}]"
318,379,2022-03-09T18:29:14Z,converted_to_customer,0.0,"[{""agent_id"":1,""customer_id"":""281""}]"
319,480,2022-08-06T14:10:26Z,converted_to_customer,0.0,"[{""agent_id"":1,""customer_id"":""428""}]"
320,123,2022-01-06T23:36:28Z,converted_to_customer,0.0,"[{""agent_id"":1,""customer_id"":""160""}]"
321,132,2022-11-16T23:36:53Z,converted_to_customer,0.0,"[{""agent_id"":1,""customer_id"":""59""}]"
322,215,2022-08-20T05:20:19Z,converted_to_customer,0.0,"[{""agent_id"":1,""customer_id"":""457""}]"
323,330,2022-11-09T21:30:34Z,converted_to_customer,0.0,"[{""agent_id"":1,""customer_id"":""266""}]"
324,42,2022-12-24T15:23:22Z,converted_to_customer,0.0,"[{""agent_id"":1,""customer_id"":""170""}]"
325,353,2022-08-29T21:06:38Z,converted_to_customer,0.0,"[{""agent_id"":1,""customer_id"":""110""}]"
326,147,2022-10-08T02:22:16Z,converted_to_customer,0.0,"[{""agent_id"":1,""customer_id"":""316""}]"
327,88,2022-08-27T17:36:12Z,converted_to_customer,0.0,"[{""agent_id"":1,""customer_id"":""500""}]"
328,388,2022-12-19T21:33:14Z,converted_to_customer,0.0,"[{""agent_id"":1,""customer_id"":""198""}]"
329,233,2022-05-27T14:38:34Z,converted_to_customer,0.0,"[{""agent_id"":1,""customer_id"":""173""}]"
330,270,2022-12-21T17:06:21Z,converted_to_customer,0.0,"[{""agent_id"":1,""customer_id"":""193""}]"
331,206,2022-08-13T16:37:32Z,converted_to_customer,0.0,"[{""agent_id"":1,""customer_id"":""244""}]"
332,211,2022-03-21T22:53:27Z,converted_to_customer,0.0,"[{""agent_id"":1,""customer_id"":""225""}]"
333,225,2022-09-15T17:55:20Z,converted_to_customer,0.0,"[{""agent_id"":1,""customer_id"":""216""}]"
334,212,2022-03-24T00:05:45Z,converted_to_customer,0.0,"[{""agent_id"":1,""customer_id"":""139""}]"
335,111,2022-03-03T15:52:17Z,converted_to_customer,0.0,"[{""agent_id"":1,""customer_id"":""91""}]"
336,186,2022-01-21T12:08:58Z,converted_to_customer,0.0,"[{""agent_id"":1,""customer_id"":""368""}]"
337,219,2022-08-18T18:05:35Z,converted_to_customer,0.0,"[{""agent_id"":1,""customer_id"":""211""}]"
338,284,2022-07-30T23:48:41Z,converted_to_customer,0.0,"[{""agent_id"":1,""customer_id"":""342""}]"
339,227,2022-06-21T09:43:22Z,converted_to_customer,0.0,"[{""agent_id"":1,""customer_id"":""312""}]"
340,440,2022-09-24T14:09:07Z,converted_to_customer,0.0,"[{""agent_id"":1,""customer_id"":""249""}]"
341,10,2022-04-03T08:53:14Z,converted_to_customer,0.0,"[{""agent_id"":1,""customer_id"":""54""}]"
342,394,2022-08-16T11:14:30Z,converted_to_customer,0.0,"[{""agent_id"":1,""customer_id"":""497""}]"
343,96,2022-05-09T19:24:04Z,converted_to_customer,0.0,"[{""agent_id"":1,""customer_id"":""28""}]"
344,47,2022-10-23T19:11:25Z,converted_to_customer,0.0,"[{""agent_id"":1,""customer_id"":""347""}]"
345,18,2022-03-10T13:41:14Z,converted_to_customer,0.0,"[{""agent_id"":1,""customer_id"":""290""}]"
346,246,2022-10-16T02:24:31Z,converted_to_customer,0.0,"[{""agent_id"":1,""customer_id"":""398""}]"
347,187,2022-03-26T01:12:54Z,converted_to_customer,0.0,"[{""agent_id"":1,""customer_id"":""343""}]"
348,486,2022-06-06T03:49:13Z,converted_to_customer,0.0,"[{""agent_id"":1,""customer_id"":""126""}]"
349,457,2022-07-22T10:10:44Z,converted_to_customer,0.0,"[{""agent_id"":1,""customer_id"":""227""}]"
350,309,2022-06-18T09:40:24Z,converted_to_customer,0.0,"[{""agent_id"":1,""customer_id"":""354""}]"
351,382,2022-06-07T10:46:37Z,converted_to_customer,0.0,"[{""agent_id"":1,""customer_id"":""31""}]"
352,420,2022-05-08T01:40:41Z,converted_to_customer,0.0,"[{""agent_id"":1,""customer_id"":""207""}]"
353,299,2022-06-02T23:22:46Z,converted_to_customer,0.0,"[{""agent_id"":1,""customer_id"":""101""}]"
354,389,2022-04-20T09:34:12Z,converted_to_customer,0.0,"[{""agent_id"":1,""customer_id"":""191""}]"
355,329,2022-03-21T22:22:41Z,converted_to_customer,0.0,"[{""agent_id"":1,""customer_id"":""416""}]"
356,355,2022-04-21T17:30:45Z,converted_to_customer,0.0,"[{""agent_id"":1,""customer_id"":""276""}]"
357,492,2022-05-25T03:49:13Z,converted_to_customer,0.0,"[{""agent_id"":1,""customer_id"":""305""}]"
358,464,2022-03-27T17:25:10Z,converted_to_customer,0.0,"[{""agent_id"":1,""customer_id"":""419""}]"
359,27,2022-05-16T17:37:58Z,converted_to_customer,0.0,"[{""agent_id"":1,""customer_id"":""394""}]"
360,96,2022-03-27T02:22:22Z,converted_to_customer,0.0,"[{""agent_id"":1,""customer_id"":""273""}]"
361,202,2022-02-19T08:10:18Z,converted_to_customer,0.0,"[{""agent_id"":1,""customer_id"":""14""}]"
362,387,2022-08-22T02:27:58Z,converted_to_customer,0.0,"[{""agent_id"":1,""customer_id"":""184""}]"
363,53,2022-01-12T04:15:13Z,converted_to_customer,0.0,"[{""agent_id"":1,""customer_id"":""461""}]"
364,67,2022-11-29T20:47:12Z,converted_to_customer,0.0,"[{""agent_id"":1,""customer_id"":""474""}]"
365,183,2022-10-18T10:32:22Z,converted_to_customer,0.0,"[{""agent_id"":1,""customer_id"":""370""}]"
366,447,2022-06-12T03:55:08Z,converted_to_customer,0.0,"[{""agent_id"":1,""customer_id"":""113""}]"
367,334,2022-01-05T09:53:43Z,converted_to_customer,0.0,"[{""agent_id"":1,""customer_id"":""161""}]"
368,201,2022-01-01T09:11:56Z,converted_to_customer,0.0,"[{""agent_id"":1,""customer_id"":""157""}]"
369,113,2022-02-24T07:36:18Z,converted_to_customer,0.0,"[{""agent_id"":1,""customer_id"":""268""}]"
370,105,2022-09-30T00:15:11Z,converted_to_customer,0.0,"[{""agent_id"":1,""customer_id"":""100""}]"
371,458,2022-06-07T00:43:18Z,converted_to_customer,0.0,"[{""agent_id"":1,""customer_id"":""185""}]"
372,245,2022-09-21T01:04:53Z,converted_to_customer,0.0,"[{""agent_id"":1,""customer_id"":""250""}]"
373,243,2022-06-28T12:17:29Z,converted_to_customer,0.0,"[{""agent_id"":1,""customer_id"":""173""}]"
374,376,2022-07-13T12:15:41Z,converted_to_customer,0.0,"[{""agent_id"":1,""customer_id"":""459""}]"
375,115,2022-10-25T16:30:26Z,converted_to_customer,0.0,"[{""agent_id"":1,""customer_id"":""247""}]"
376,443,2022-07-06T12:06:18Z,converted_to_customer,0.0,"[{""agent_id"":1,""customer_id"":""386""}]"
377,127,2022-07-14T18:25:19Z,converted_to_customer,0.0,"[{""agent_id"":1,""customer_id"":""330""}]"
378,70,2022-06-28T02:12:04Z,converted_to_customer,0.0,"[{""agent_id"":1,""customer_id"":""257""}]"
379,306,2022-09-18T04:55:00Z,converted_to_customer,0.0,"[{""agent_id"":1,""customer_id"":""495""}]"
380,267,2022-01-04T09:14:56Z,converted_to_customer,0.0,"[{""agent_id"":1,""customer_id"":""125""}]"
381,20,2022-05-05T20:05:24Z,converted_to_customer,0.0,"[{""agent_id"":1,""customer_id"":""440""}]"
382,410,2022-01-01T01:13:58Z,converted_to_customer,0.0,"[{""agent_id"":1,""customer_id"":""227""}]"
383,428,2022-01-05T03:15:54Z,converted_to_customer,0.0,"[{""agent_id"":1,""customer_id"":""253""}]"
384,184,2022-08-31T08:52:08Z,converted_to_customer,0.0,"[{""agent_id"":1,""customer_id"":""160""}]"
385,207,2022-06-15T13:06:04Z,converted_to_customer,0.0,"[{""agent_id"":1,""customer_id"":""235""}]"
386,280,2022-11-21T10:46:54Z,converted_to_customer,0.0,"[{""agent_id"":1,""customer_id"":""464""}]"
387,366,2022-01-13T04:22:59Z,converted_to_customer,0.0,"[{""agent_id"":1,""customer_id"":""91""}]"
388,441,2022-08-06T13:25:02Z,converted_to_customer,0.0,"[{""agent_id"":1,""customer_id"":""364""}]"
389,348,2022-05-24T14:02:31Z,converted_to_customer,0.0,"[{""agent_id"":1,""customer_id"":""230""}]"
390,344,2022-05-02T16:46:14Z,converted_to_customer,0.0,"[{""agent_id"":1,""customer_id"":""127""}]"
391,131,2022-07-29T13:36:31Z,converted_to_customer,0.0,"[{""agent_id"":1,""customer_id"":""270""}]"
392,305,2022-07-16T02:18:43Z,converted_to_customer,0.0,"[{""agent_id"":1,""customer_id"":""52""}]"
393,76,2022-01-22T03:34:50Z,converted_to_customer,0.0,"[{""agent_id"":1,""customer_id"":""478""}]"
394,375,2022-10-14T12:19:41Z,converted_to_customer,0.0,"[{""agent_id"":1,""customer_id"":""434""}]"
395,424,2022-12-08T21:27:35Z,converted_to_customer,0.0,"[{""agent_id"":1,""customer_id"":""390""}]"
396,416,2022-01-29T00:21:08Z,converted_to_customer,0.0,"[{""agent_id"":1,""customer_id"":""183""}]"
397,346,2022-05-29T09:39:51Z,converted_to_customer,0.0,"[{""agent_id"":1,""customer_id"":""57""}]"
398,474,2022-10-18T09:51:09Z,converted_to_customer,0.0,"[{""agent_id"":1,""customer_id"":""314""}]"
399,437,2022-04-13T05:04:21Z,converted_to_customer,0.0,"[{""agent_id"":1,""customer_id"":""19""}]"
400,234,2022-10-03T10:59:42Z,converted_to_customer,0.0,"[{""agent_id"":1,""customer_id"":""165""}]"
401,25,2022-11-08T10:47:37Z,converted_to_customer,0.0,"[{""agent_id"":1,""customer_id"":""10""}]"
402,167,2022-12-20T04:44:23Z,converted_to_customer,0.0,"[{""agent_id"":1,""customer_id"":""296""}]"
403,274,2022-12-05T20:11:47Z,converted_to_customer,0.0,"[{""agent_id"":1,""customer_id"":""368""}]"
404,468,2022-04-10T00:59:05Z,converted_to_customer,0.0,"[{""agent_id"":1,""customer_id"":""484""}]"
405,481,2022-10-12T06:41:38Z,converted_to_customer,0.0,"[{""agent_id"":1,""customer_id"":""120""}]"
406,294,2022-03-27T18:12:55Z,converted_to_customer,0.0,"[{""agent_id"":1,""customer_id"":""49""}]"
407,401,2022-05-22T09:19:51Z,converted_to_customer,0.0,"[{""agent_id"":1,""customer_id"":""235""}]"
408,327,2022-07-25T08:37:46Z,converted_to_customer,0.0,"[{""agent_id"":1,""customer_id"":""149""}]"
409,170,2022-08-19T02:31:03Z,converted_to_customer,0.0,"[{""agent_id"":1,""customer_id"":""486""}]"
410,78,2022-09-30T09:11:28Z,converted_to_customer,0.0,"[{""agent_id"":1,""customer_id"":""443""}]"
411,243,2022-01-14T13:34:15Z,converted_to_customer,0.0,"[{""agent_id"":1,""customer_id"":""495""}]"
412,217,2022-09-03T15:32:30Z,converted_to_customer,0.0,"[{""agent_id"":1,""customer_id"":""248""}]"
413,69,2022-11-02T06:27:07Z,converted_to_customer,0.0,"[{""agent_id"":1,""customer_id"":""75""}]"
414,180,2022-12-04T09:51:50Z,converted_to_customer,0.0,"[{""agent_id"":1,""customer_id"":""229""}]"
415,132,2022-03-11T22:07:53Z,converted_to_customer,0.0,"[{""agent_id"":1,""customer_id"":""343""}]"
416,350,2022-07-12T21:59:06Z,converted_to_customer,0.0,"[{""agent_id"":1,""customer_id"":""68""}]"
417,478,2022-11-01T07:17:30Z,converted_to_customer,0.0,"[{""agent_id"":1,""customer_id"":""242""}]"
418,290,2022-09-14T07:40:50Z,converted_to_customer,0.0,"[{""agent_id"":1,""customer_id"":""319""}]"
419,93,2022-12-30T16:48:44Z,converted_to_customer,0.0,"[{""agent_id"":1,""customer_id"":""469""}]"
420,400,2022-02-12T21:49:29Z,converted_to_customer,0.0,"[{""agent_id"":1,""customer_id"":""480""}]"
421,80,2022-08-04T20:19:19Z,converted_to_customer,0.0,"[{""agent_id"":1,""customer_id"":""478""}]"
422,66,2022-09-22T09:20:21Z,converted_to_customer,0.0,"[{""agent_id"":1,""customer_id"":""396""}]"
423,210,2022-05-09T23:58:14Z,converted_to_customer,0.0,"[{""agent_id"":1,""customer_id"":""288""}]"
424,464,2022-09-18T19:57:15Z,converted_to_customer,0.0,"[{""agent_id"":1,""customer_id"":""72""}]"
425,205,2022-02-13T02:52:10Z,converted_to_customer,0.0,"[{""agent_id"":1,""customer_id"":""239""}]"
426,322,2022-01-04T08:48:02Z,converted_to_customer,0.0,"[{""agent_id"":1,""customer_id"":""70""}]"
427,122,2022-07-31T14:26:07Z,converted_to_customer,0.0,"[{""agent_id"":1,""customer_id"":""389""}]"
428,429,2022-12-05T19:29:57Z,converted_to_customer,0.0,"[{""agent_id"":1,""customer_id"":""165""}]"
429,159,2022-08-12T14:50:39Z,converted_to_customer,0.0,"[{""agent_id"":1,""customer_id"":""134""}]"
430,73,2022-03-03T02:01:55Z,converted_to_customer,0.0,"[{""agent_id"":1,""customer_id"":""493""}]"
431,349,2022-07-25T10:58:00Z,converted_to_customer,0.0,"[{""agent_id"":1,""customer_id"":""422""}]"
432,307,2022-05-01T05:19:05Z,converted_to_customer,0.0,"[{""agent_id"":1,""customer_id"":""384""}]"
433,237,2022-03-02T04:53:15Z,converted_to_customer,0.0,"[{""agent_id"":1,""customer_id"":""267""}]"
434,168,2022-05-22T04:49:22Z,converted_to_customer,0.0,"[{""agent_id"":1,""customer_id"":""8""}]"
435,491,2022-10-09T23:19:47Z,converted_to_customer,0.0,"[{""agent_id"":1,""customer_id"":""138""}]"
436,412,2022-06-14T09:26:17Z,converted_to_customer,0.0,"[{""agent_id"":1,""customer_id"":""132""}]"
437,453,2022-10-18T00:08:59Z,converted_to_customer,0.0,"[{""agent_id"":1,""customer_id"":""283""}]"
438,467,2022-12-31T03:12:15Z,converted_to_customer,0.0,"[{""agent_id"":1,""customer_id"":""471""}]"
439,329,2022-04-26T22:46:38Z,converted_to_customer,0.0,"[{""agent_id"":1,""customer_id"":""86""}]"
440,393,2022-09-06T00:13:56Z,converted_to_customer,0.0,"[{""agent_id"":1,""customer_id"":""129""}]"
441,185,2022-02-09T00:13:31Z,converted_to_customer,0.0,"[{""agent_id"":1,""customer_id"":""167""}]"
442,50,2022-11-04T16:35:14Z,converted_to_customer,0.0,"[{""agent_id"":1,""customer_id"":""332""}]"
443,230,2022-10-19T13:11:59Z,converted_to_customer,0.0,"[{""agent_id"":1,""customer_id"":""426""}]"
444,289,2022-11-21T13:34:27Z,converted_to_customer,0.0,"[{""agent_id"":1,""customer_id"":""336""}]"
445,106,2022-04-21T11:17:50Z,converted_to_customer,0.0,"[{""agent_id"":1,""customer_id"":""114""}]"
446,324,2022-01-20T22:21:27Z,converted_to_customer,0.0,"[{""agent_id"":1,""customer_id"":""334""}]"
447,141,2022-06-16T14:41:47Z,converted_to_customer,0.0,"[{""agent_id"":1,""customer_id"":""458""}]"
448,458,2022-11-19T21:31:47Z,converted_to_customer,0.0,"[{""agent_id"":1,""customer_id"":""314""}]"
449,466,2022-07-03T04:11:34Z,converted_to_customer,0.0,"[{""agent_id"":1,""customer_id"":""273""}]"
450,173,2022-09-03T20:25:12Z,converted_to_customer,0.0,"[{""agent_id"":1,""customer_id"":""433""}]"
451,446,2022-07-07T11:09:20Z,converted_to_customer,0.0,"[{""agent_id"":1,""customer_id"":""482""}]"
452,375,2022-05-05T21:58:23Z,converted_to_customer,0.0,"[{""agent_id"":1,""customer_id"":""162""}]"
453,277,2022-09-23T09:34:30Z,converted_to_customer,0.0,"[{""agent_id"":1,""customer_id"":""10""}]"
454,307,2022-12-24T07:23:06Z,converted_to_customer,0.0,"[{""agent_id"":1,""customer_id"":""384""}]"
455,380,2022-12-12T09:34:06Z,converted_to_customer,0.0,"[{""agent_id"":1,""customer_id"":""229""}]"
456,303,2022-11-06T13:01:14Z,converted_to_customer,0.0,"[{""agent_id"":1,""customer_id"":""189""}]"
457,264,2022-01-16T03:43:36Z,converted_to_customer,0.0,"[{""agent_id"":1,""customer_id"":""57""}]"
458,52,2022-07-06T06:10:21Z,converted_to_customer,0.0,"[{""agent_id"":1,""customer_id"":""142""}]"
459,444,2022-11-27T12:25:20Z,converted_to_customer,0.0,"[{""agent_id"":1,""customer_id"":""291""}]"
460,2,2022-10-14T03:14:56Z,converted_to_customer,0.0,"[{""agent_id"":1,""customer_id"":""290""}]"
461,341,2022-07-15T12:46:41Z,converted_to_customer,0.0,"[{""agent_id"":1,""customer_id"":""370""}]"
462,412,2022-03-23T23:02:41Z,converted_to_customer,0.0,"[{""agent_id"":1,""customer_id"":""408""}]"
463,478,2022-12-24T21:49:30Z,converted_to_customer,0.0,"[{""agent_id"":1,""customer_id"":""37""}]"
464,124,2022-07-20T10:29:20Z,converted_to_customer,0.0,"[{""agent_id"":1,""customer_id"":""345""}]"
465,378,2022-04-15T22:21:02Z,converted_to_customer,0.0,"[{""agent_id"":1,""customer_id"":""360""}]"
466,346,2022-12-20T22:20:28Z,converted_to_customer,0.0,"[{""agent_id"":1,""customer_id"":""486""}]"
467,114,2022-06-21T19:01:25Z,converted_to_customer,0.0,"[{""agent_id"":1,""customer_id"":""155""}]"
468,83,2022-03-08T04:26:10Z,converted_to_customer,0.0,"[{""agent_id"":1,""customer_id"":""336""}]"
469,315,2022-12-10T16:41:23Z,converted_to_customer,0.0,"[{""agent_id"":1,""customer_id"":""137""}]"
470,44,2022-01-04T19:11:09Z,converted_to_customer,0.0,"[{""agent_id"":1,""customer_id"":""179""}]"
471,483,2022-02-07T15:46:58Z,converted_to_customer,0.0,"[{""agent_id"":1,""customer_id"":""300""}]"
472,338,2022-03-15T03:42:48Z,converted_to_customer,0.0,"[{""agent_id"":1,""customer_id"":""349""}]"
473,475,2022-10-21T14:03:02Z,converted_to_customer,0.0,"[{""agent_id"":1,""customer_id"":""55""}]"
474,99,2022-02-24T08:57:20Z,converted_to_customer,0.0,"[{""agent_id"":1,""customer_id"":""170""}]"
475,87,2022-10-08T06:07:00Z,converted_to_customer,0.0,"[{""agent_id"":1,""customer_id"":""343""}]"
476,344,2022-12-27T18:00:18Z,converted_to_customer,0.0,"[{""agent_id"":1,""customer_id"":""151""}]"
477,429,2022-03-28T04:40:21Z,converted_to_customer,0.0,"[{""agent_id"":1,""customer_id"":""329""}]"
478,231,2022-06-02T23:49:25Z,converted_to_customer,0.0,"[{""agent_id"":1,""customer_id"":""235""}]"
479,368,2022-04-23T02:26:17Z,converted_to_customer,0.0,"[{""agent_id"":1,""customer_id"":""182""}]"
480,103,2022-03-09T00:16:49Z,converted_to_customer,0.0,"[{""agent_id"":1,""customer_id"":""315""}]"
481,76,2022-02-06T14:52:57Z,converted_to_customer,0.0,"[{""agent_id"":1,""customer_id"":""168""}]"
482,322,2022-02-15T19:01:30Z,converted_to_customer,0.0,"[{""agent_id"":1,""customer_id"":""131""}]"
483,60,2022-07-22T03:51:28Z,converted_to_customer,0.0,"[{""agent_id"":1,""customer_id"":""112""}]"
484,192,2022-11-02T20:54:09Z,converted_to_customer,0.0,"[{""agent_id"":1,""customer_id"":""215""}]"
485,419,2022-11-25T09:33:12Z,converted_to_customer,0.0,"[{""agent_id"":1,""customer_id"":""467""}]"
486,292,2022-11-13T12:09:31Z,converted_to_customer,0.0,"[{""agent_id"":1,""customer_id"":""493""}]"
487,456,2022-09-13T22:52:17Z,converted_to_customer,0.0,"[{""agent_id"":1,""customer_id"":""67""}]"
488,151,2022-05-04T18:18:24Z,converted_to_customer,0.0,"[{""agent_id"":1,""customer_id"":""266""}]"
489,373,2022-01-24T11:18:56Z,converted_to_customer,0.0,"[{""agent_id"":1,""customer_id"":""500""}]"
490,308,2022-01-19T10:22:51Z,converted_to_customer,0.0,"[{""agent_id"":1,""customer_id"":""20""}]"
491,356,2022-10-29T04:14:59Z,converted_to_customer,0.0,"[{""agent_id"":1,""customer_id"":""359""}]"
492,422,2022-11-11T10:51:17Z,converted_to_customer,0.0,"[{""agent_id"":1,""customer_id"":""11""}]"
493,314,2022-02-04T22:35:50Z,converted_to_customer,0.0,"[{""agent_id"":1,""customer_id"":""462""}]"
494,173,2022-07-27T14:46:17Z,converted_to_customer,0.0,"[{""agent_id"":1,""customer_id"":""258""}]"
495,499,2022-04-08T22:32:47Z,converted_to_customer,0.0,"[{""agent_id"":1,""customer_id"":""212""}]"
496,94,2022-09-29T13:33:41Z,converted_to_customer,0.0,"[{""agent_id"":1,""customer_id"":""332""}]"
497,431,2022-08-10T09:50:57Z,converted_to_customer,0.0,"[{""agent_id"":1,""customer_id"":""450""}]"
498,120,2022-02-28T06:10:24Z,converted_to_customer,0.0,"[{""agent_id"":1,""customer_id"":""199""}]"
499,22,2022-06-01T22:44:41Z,converted_to_customer,0.0,"[{""agent_id"":1,""customer_id"":""123""}]"
500,79,2022-07-26T15:30:10Z,converted_to_customer,0.0,"[{""agent_id"":1,""customer_id"":""404""}]"
501,23,2022-05-03T00:53:36Z,converted_to_customer,0.0,"[{""agent_id"":1,""customer_id"":""286""}]"
502,66,2022-05-26T11:38:15Z,converted_to_customer,0.0,"[{""agent_id"":1,""customer_id"":""340""}]"
503,453,2022-04-01T11:52:13Z,converted_to_customer,0.0,"[{""agent_id"":1,""customer_id"":""298""}]"
504,276,2022-05-21T16:03:57Z,converted_to_customer,0.0,"[{""agent_id"":1,""customer_id"":""131""}]"
505,487,2022-04-09T02:34:57Z,converted_to_customer,0.0,"[{""agent_id"":1,""customer_id"":""440""}]"
506,430,2022-12-12T18:04:16Z,converted_to_customer,0.0,"[{""agent_id"":1,""customer_id"":""270""}]"
507,409,2022-08-01T00:40:21Z,converted_to_customer,0.0,"[{""agent_id"":1,""customer_id"":""223""}]"
508,484,2022-02-20T09:15:08Z,converted_to_customer,0.0,"[{""agent_id"":1,""customer_id"":""154""}]"
509,181,2022-07-10T09:05:25Z,converted_to_customer,0.0,"[{""agent_id"":1,""customer_id"":""239""}]"
510,108,2022-07-24T07:06:46Z,converted_to_customer,0.0,"[{""agent_id"":1,""customer_id"":""326""}]"
511,138,2022-08-01T08:42:56Z,converted_to_customer,0.0,"[{""agent_id"":1,""customer_id"":""259""}]"
512,311,2022-02-16T05:34:38Z,converted_to_customer,0.0,"[{""agent_id"":1,""customer_id"":""55""}]"
513,270,2022-10-22T22:31:54Z,converted_to_customer,0.0,"[{""agent_id"":1,""customer_id"":""479""}]"
514,255,2022-03-18T07:42:19Z,converted_to_customer,0.0,"[{""agent_id"":1,""customer_id"":""101""}]"
515,60,2022-08-05T14:29:10Z,converted_to_customer,0.0,"[{""agent_id"":1,""customer_id"":""268""}]"
516,164,2022-12-02T19:54:12Z,converted_to_customer,0.0,"[{""agent_id"":1,""customer_id"":""446""}]"
517,129,2022-11-22T14:13:57Z,converted_to_customer,0.0,"[{""agent_id"":1,""customer_id"":""42""}]"
518,73,2022-08-21T02:47:35Z,converted_to_customer,0.0,"[{""agent_id"":1,""customer_id"":""207""}]"
519,402,2022-10-24T07:32:02Z,converted_to_customer,0.0,"[{""agent_id"":1,""customer_id"":""58""}]"
520,378,2022-05-22T21:03:55Z,converted_to_customer,0.0,"[{""agent_id"":1,""customer_id"":""378""}]"
521,249,2022-07-14T09:41:14Z,converted_to_customer,0.0,"[{""agent_id"":1,""customer_id"":""386""}]"
522,333,2022-04-19T21:31:37Z,converted_to_customer,0.0,"[{""agent_id"":1,""customer_id"":""312""}]"
523,114,2022-01-06T03:32:08Z,converted_to_customer,0.0,"[{""agent_id"":1,""customer_id"":""494""}]"
524,147,2022-01-27T08:55:55Z,converted_to_customer,0.0,"[{""agent_id"":1,""customer_id"":""36""}]"
525,157,2022-01-03T08:42:47Z,converted_to_customer,0.0,"[{""agent_id"":1,""customer_id"":""431""}]"
526,94,2022-06-28T02:36:18Z,converted_to_customer,0.0,"[{""agent_id"":1,""customer_id"":""16""}]"
527,4,2022-07-20T11:43:06Z,converted_to_customer,0.0,"[{""agent_id"":1,""customer_id"":""209""}]"
528,445,2022-08-01T05:37:42Z,converted_to_customer,0.0,"[{""agent_id"":1,""customer_id"":""411""}]"
529,330,2022-02-25T23:34:29Z,converted_to_customer,0.0,"[{""agent_id"":1,""customer_id"":""182""}]"
530,394,2022-04-17T14:12:15Z,converted_to_customer,0.0,"[{""agent_id"":1,""customer_id"":""456""}]"
531,425,2022-02-11T01:19:20Z,converted_to_customer,0.0,"[{""agent_id"":1,""customer_id"":""241""}]"
532,336,2022-11-10T02:59:35Z,converted_to_customer,0.0,"[{""agent_id"":1,""customer_id"":""338""}]"
533,290,2022-11-09T22:18:48Z,converted_to_customer,0.0,"[{""agent_id"":1,""customer_id"":""285""}]"
534,286,2022-10-31T05:39:52Z,converted_to_customer,0.0,"[{""agent_id"":1,""customer_id"":""221""}]"
535,408,2022-01-08T22:09:01Z,converted_to_customer,0.0,"[{""agent_id"":1,""customer_id"":""497""}]"
536,126,2022-02-26T12:19:17Z,converted_to_customer,0.0,"[{""agent_id"":1,""customer_id"":""275""}]"
537,7,2022-10-21T00:44:29Z,converted_to_customer,0.0,"[{""agent_id"":1,""customer_id"":""222""}]"
538,171,2022-12-29T21:06:57Z,converted_to_customer,0.0,"[{""agent_id"":1,""customer_id"":""9""}]"
539,447,2022-01-30T11:41:46Z,converted_to_customer,0.0,"[{""agent_id"":1,""customer_id"":""218""}]"
540,337,2022-11-21T14:32:55Z,converted_to_customer,0.0,"[{""agent_id"":1,""customer_id"":""96""}]"
541,458,2022-06-07T22:58:34Z,converted_to_customer,0.0,"[{""agent_id"":1,""customer_id"":""103""}]"
542,332,2022-02-21T18:53:54Z,converted_to_customer,0.0,"[{""agent_id"":1,""customer_id"":""178""}]"
543,390,2022-02-02T17:24:59Z,converted_to_customer,0.0,"[{""agent_id"":1,""customer_id"":""73""}]"
544,313,2022-09-17T17:18:43Z,converted_to_customer,0.0,"[{""agent_id"":1,""customer_id"":""44""}]"
545,262,2022-02-08T16:02:53Z,converted_to_customer,0.0,"[{""agent_id"":1,""customer_id"":""330""}]"
546,247,2022-10-10T14:39:25Z,converted_to_customer,0.0,"[{""agent_id"":1,""customer_id"":""395""}]"
547,348,2022-03-17T05:34:32Z,converted_to_customer,0.0,"[{""agent_id"":1,""customer_id"":""26""}]"
548,476,2022-02-01T17:40:57Z,converted_to_customer,0.0,"[{""agent_id"":1,""customer_id"":""394""}]"
549,269,2022-07-30T23:15:01Z,converted_to_customer,0.0,"[{""agent_id"":1,""customer_id"":""195""}]"
550,1,2022-02-08T16:12:29Z,converted_to_customer,0.0,"[{""agent_id"":1,""customer_id"":""307""}]"
551,473,2022-06-14T22:29:08Z,converted_to_customer,0.0,"[{""agent_id"":1,""customer_id"":""32""}]"
552,56,2022-11-11T03:05:48Z,converted_to_customer,0.0,"[{""agent_id"":1,""customer_id"":""287""}]"
553,396,2022-03-01T14:17:06Z,converted_to_customer,0.0,"[{""agent_id"":1,""customer_id"":""344""}]"
554,257,2022-11-01T04:54:09Z,converted_to_customer,0.0,"[{""agent_id"":1,""customer_id"":""37""}]"
555,397,2022-05-16T16:55:15Z,converted_to_customer,0.0,"[{""agent_id"":1,""customer_id"":""95""}]"
556,490,2022-09-16T19:57:44Z,converted_to_customer,0.0,"[{""agent_id"":1,""customer_id"":""11""}]"
557,436,2022-04-13T20:56:27Z,converted_to_customer,0.0,"[{""agent_id"":1,""customer_id"":""59""}]"
558,5,2022-03-22T22:03:58Z,converted_to_customer,0.0,"[{""agent_id"":1,""customer_id"":""289""}]"
559,224,2022-08-03T01:41:29Z,converted_to_customer,0.0,"[{""agent_id"":1,""customer_id"":""122""}]"
560,124,2022-04-02T00:01:37Z,converted_to_customer,0.0,"[{""agent_id"":1,""customer_id"":""370""}]"
561,422,2022-11-10T01:05:16Z,converted_to_customer,0.0,"[{""agent_id"":1,""customer_id"":""212""}]"
562,402,2022-02-11T13:09:43Z,converted_to_customer,0.0,"[{""agent_id"":1,""customer_id"":""264""}]"
563,144,2022-10-27T14:17:04Z,converted_to_customer,0.0,"[{""agent_id"":1,""customer_id"":""211""}]"
564,487,2022-02-22T11:34:25Z,converted_to_customer,0.0,"[{""agent_id"":1,""customer_id"":""43""}]"
565,6,2022-02-04T00:09:13Z,converted_to_customer,0.0,"[{""agent_id"":1,""customer_id"":""417""}]"
566,105,2022-10-04T14:22:54Z,converted_to_customer,0.0,"[{""agent_id"":1,""customer_id"":""479""}]"
567,471,2022-07-17T18:20:07Z,converted_to_customer,0.0,"[{""agent_id"":1,""customer_id"":""231""}]"
568,51,2022-02-06T23:07:50Z,converted_to_customer,0.0,"[{""agent_id"":1,""customer_id"":""371""}]"
569,441,2022-08-10T09:54:53Z,converted_to_customer,0.0,"[{""agent_id"":1,""customer_id"":""310""}]"
570,371,2022-03-12T11:18:13Z,converted_to_customer,0.0,"[{""agent_id"":1,""customer_id"":""216""}]"
571,434,2022-11-19T16:15:28Z,converted_to_customer,0.0,"[{""agent_id"":1,""customer_id"":""274""}]"
572,372,2022-12-19T13:18:46Z,converted_to_customer,0.0,"[{""agent_id"":1,""customer_id"":""143""}]"
573,151,2022-03-03T08:01:28Z,converted_to_customer,0.0,"[{""agent_id"":1,""customer_id"":""354""}]"
574,36,2022-11-01T15:41:40Z,converted_to_customer,0.0,"[{""agent_id"":1,""customer_id"":""25""}]"
575,445,2022-06-22T09:10:21Z,converted_to_customer,0.0,"[{""agent_id"":1,""customer_id"":""228""}]"
576,46,2022-09-29T02:43:36Z,converted_to_customer,0.0,"[{""agent_id"":1,""customer_id"":""225""}]"
577,295,2022-11-01T07:36:42Z,converted_to_customer,0.0,"[{""agent_id"":1,""customer_id"":""42""}]"
578,255,2022-10-17T23:00:23Z,converted_to_customer,0.0,"[{""agent_id"":1,""customer_id"":""1""}]"
579,367,2022-07-20T23:15:12Z,converted_to_customer,0.0,"[{""agent_id"":1,""customer_id"":""283""}]"
580,359,2022-02-07T19:10:48Z,converted_to_customer,0.0,"[{""agent_id"":1,""customer_id"":""494""}]"
581,38,2022-09-28T12:26:07Z,converted_to_customer,0.0,"[{""agent_id"":1,""customer_id"":""476""}]"
582,11,2022-02-25T22:46:45Z,converted_to_customer,0.0,"[{""agent_id"":1,""customer_id"":""80""}]"
583,392,2022-05-30T14:14:18Z,converted_to_customer,0.0,"[{""agent_id"":1,""customer_id"":""236""}]"
584,44,2022-05-25T04:47:37Z,converted_to_customer,0.0,"[{""agent_id"":1,""customer_id"":""270""}]"
585,449,2022-08-27T00:09:02Z,converted_to_customer,0.0,"[{""agent_id"":1,""customer_id"":""454""}]"
586,53,2022-03-24T01:04:00Z,converted_to_customer,0.0,"[{""agent_id"":1,""customer_id"":""165""}]"
587,476,2022-02-22T17:59:10Z,converted_to_customer,0.0,"[{""agent_id"":1,""customer_id"":""277""}]"
588,18,2022-10-14T22:32:18Z,converted_to_customer,0.0,"[{""agent_id"":1,""customer_id"":""164""}]"
589,49,2022-12-20T10:28:47Z,converted_to_customer,0.0,"[{""agent_id"":1,""customer_id"":""446""}]"
590,247,2022-06-27T10:59:35Z,converted_to_customer,0.0,"[{""agent_id"":1,""customer_id"":""404""}]"
591,481,2022-05-09T19:49:07Z,converted_to_customer,0.0,"[{""agent_id"":1,""customer_id"":""356""}]"
592,272,2022-04-20T01:45:26Z,converted_to_customer,0.0,"[{""agent_id"":1,""customer_id"":""290""}]"
593,69,2022-09-14T04:04:56Z,converted_to_customer,0.0,"[{""agent_id"":1,""customer_id"":""234""}]"
594,126,2022-11-07T17:00:04Z,converted_to_customer,0.0,"[{""agent_id"":1,""customer_id"":""114""}]"
595,349,2022-04-13T20:31:47Z,converted_to_customer,0.0,"[{""agent_id"":1,""customer_id"":""46""}]"
596,60,2022-12-18T04:59:16Z,converted_to_customer,0.0,"[{""agent_id"":1,""customer_id"":""40""}]"
597,347,2022-02-13T20:44:50Z,converted_to_customer,0.0,"[{""agent_id"":1,""customer_id"":""393""}]"
598,430,2022-01-15T06:24:21Z,converted_to_customer,0.0,"[{""agent_id"":1,""customer_id"":""246""}]"
599,25,2022-01-20T02:57:02Z,converted_to_customer,0.0,"[{""agent_id"":1,""customer_id"":""489""}]"
600,219,2022-10-15T17:26:26Z,converted_to_customer,0.0,"[{""agent_id"":1,""customer_id"":""478""}]"
601,137,2022-12-10T01:43:02Z,converted_to_customer,0.0,"[{""agent_id"":1,""customer_id"":""499""}]"
602,398,2022-01-05T10:50:24Z,converted_to_customer,0.0,"[{""agent_id"":1,""customer_id"":""254""}]"
603,1,2022-11-17T09:13:59Z,converted_to_customer,0.0,"[{""agent_id"":1,""customer_id"":""437""}]"
604,272,2022-02-24T15:18:33Z,converted_to_customer,0.0,"[{""agent_id"":1,""customer_id"":""226""}]"
605,214,2022-05-29T14:28:52Z,converted_to_customer,0.0,"[{""agent_id"":1,""customer_id"":""126""}]"
606,406,2022-01-07T03:47:11Z,converted_to_customer,0.0,"[{""agent_id"":1,""customer_id"":""207""}]"
607,254,2022-05-30T20:57:13Z,converted_to_customer,0.0,"[{""agent_id"":1,""customer_id"":""407""}]"
608,322,2022-10-15T18:51:24Z,converted_to_customer,0.0,"[{""agent_id"":1,""customer_id"":""75""}]"
609,175,2022-04-27T12:26:55Z,converted_to_customer,0.0,"[{""agent_id"":1,""customer_id"":""31""}]"
610,443,2022-06-04T13:05:25Z,converted_to_customer,0.0,"[{""agent_id"":1,""customer_id"":""305""}]"
611,198,2022-01-16T20:55:27Z,converted_to_customer,0.0,"[{""agent_id"":1,""customer_id"":""458""}]"
612,420,2022-01-15T13:02:40Z,converted_to_customer,0.0,"[{""agent_id"":1,""customer_id"":""383""}]"
613,270,2022-10-03T18:51:28Z,converted_to_customer,0.0,"[{""agent_id"":1,""customer_id"":""106""}]"
614,249,2022-06-23T22:48:04Z,converted_to_customer,0.0,"[{""agent_id"":1,""customer_id"":""381""}]"
615,461,2022-04-26T21:19:36Z,converted_to_customer,0.0,"[{""agent_id"":1,""customer_id"":""18""}]"
616,54,2022-03-17T05:52:59Z,converted_to_customer,0.0,"[{""agent_id"":1,""customer_id"":""434""}]"
617,56,2022-12-13T04:10:37Z,converted_to_customer,0.0,"[{""agent_id"":1,""customer_id"":""204""}]"
618,166,2022-01-26T15:50:49Z,converted_to_customer,0.0,"[{""agent_id"":1,""customer_id"":""13""}]"
619,429,2022-09-28T08:13:24Z,converted_to_customer,0.0,"[{""agent_id"":1,""customer_id"":""439""}]"
620,192,2022-07-17T12:46:57Z,converted_to_customer,0.0,"[{""agent_id"":1,""customer_id"":""104""}]"
621,262,2022-02-10T00:40:21Z,converted_to_customer,0.0,"[{""agent_id"":1,""customer_id"":""81""}]"
622,271,2022-10-07T10:01:09Z,converted_to_customer,0.0,"[{""agent_id"":1,""customer_id"":""492""}]"
623,316,2022-07-20T12:16:12Z,converted_to_customer,0.0,"[{""agent_id"":1,""customer_id"":""389""}]"
624,383,2022-12-27T08:30:27Z,converted_to_customer,0.0,"[{""agent_id"":1,""customer_id"":""304""}]"
625,156,2022-02-02T23:40:53Z,converted_to_customer,0.0,"[{""agent_id"":1,""customer_id"":""138""}]"
626,79,2022-05-28T02:47:35Z,converted_to_customer,0.0,"[{""agent_id"":1,""customer_id"":""455""}]"
627,140,2022-08-16T18:57:44Z,converted_to_customer,0.0,"[{""agent_id"":1,""customer_id"":""127""}]"
628,476,2022-03-24T18:44:37Z,converted_to_customer,0.0,"[{""agent_id"":1,""customer_id"":""194""}]"
629,143,2022-03-29T11:46:45Z,converted_to_customer,0.0,"[{""agent_id"":1,""customer_id"":""286""}]"
630,246,2022-03-14T02:03:58Z,converted_to_customer,0.0,"[{""agent_id"":1,""customer_id"":""386""}]"
631,172,2022-06-29T10:30:50Z,converted_to_customer,0.0,"[{""agent_id"":1,""customer_id"":""19""}]"
632,378,2022-01-09T17:38:32Z,converted_to_customer,0.0,"[{""agent_id"":1,""customer_id"":""432""}]"
633,108,2022-12-09T20:29:01Z,converted_to_customer,0.0,"[{""agent_id"":1,""customer_id"":""261""}]"
634,5,2022-01-20T18:04:03Z,converted_to_customer,0.0,"[{""agent_id"":1,""customer_id"":""497""}]"
635,492,2022-02-03T23:08:44Z,converted_to_customer,0.0,"[{""agent_id"":1,""customer_id"":""355""}]"
636,497,2022-12-25T13:42:16Z,converted_to_customer,0.0,"[{""agent_id"":1,""customer_id"":""193""}]"
637,121,2022-10-10T06:55:16Z,converted_to_customer,0.0,"[{""agent_id"":1,""customer_id"":""229""}]"
638,437,2022-03-31T08:34:45Z,converted_to_customer,0.0,"[{""agent_id"":1,""customer_id"":""92""}]"
639,404,2022-04-24T01:11:31Z,converted_to_customer,0.0,"[{""agent_id"":1,""customer_id"":""428""}]"
640,118,2022-10-08T10:35:37Z,converted_to_customer,0.0,"[{""agent_id"":1,""customer_id"":""83""}]"
641,305,2022-10-19T01:25:41Z,converted_to_customer,0.0,"[{""agent_id"":1,""customer_id"":""364""}]"
642,280,2022-11-09T14:15:01Z,converted_to_customer,0.0,"[{""agent_id"":1,""customer_id"":""457""}]"
643,123,2022-12-22T02:09:31Z,converted_to_customer,0.0,"[{""agent_id"":1,""customer_id"":""346""}]"
644,385,2022-09-11T14:58:26Z,converted_to_customer,0.0,"[{""agent_id"":1,""customer_id"":""170""}]"
645,48,2022-07-23T17:48:41Z,converted_to_customer,0.0,"[{""agent_id"":1,""customer_id"":""27""}]"
646,21,2022-06-18T07:04:10Z,converted_to_customer,0.0,"[{""agent_id"":1,""customer_id"":""55""}]"
647,380,2022-11-18T06:02:18Z,converted_to_customer,0.0,"[{""agent_id"":1,""customer_id"":""217""}]"
648,22,2022-02-22T19:24:50Z,converted_to_customer,0.0,"[{""agent_id"":1,""customer_id"":""413""}]"
649,422,2022-03-25T14:17:09Z,converted_to_customer,0.0,"[{""agent_id"":1,""customer_id"":""184""}]"
650,471,2022-02-25T04:02:58Z,converted_to_customer,0.0,"[{""agent_id"":1,""customer_id"":""297""}]"
651,187,2022-09-10T21:27:01Z,converted_to_customer,0.0,"[{""agent_id"":1,""customer_id"":""182""}]"
652,81,2022-05-28T21:04:02Z,converted_to_customer,0.0,"[{""agent_id"":1,""customer_id"":""111""}]"
653,418,2022-02-05T12:45:40Z,converted_to_customer,0.0,"[{""agent_id"":1,""customer_id"":""258""}]"
654,419,2022-03-18T13:48:53Z,converted_to_customer,0.0,"[{""agent_id"":1,""customer_id"":""10""}]"
655,95,2022-05-30T07:55:52Z,converted_to_customer,0.0,"[{""agent_id"":1,""customer_id"":""46""}]"
656,348,2022-08-08T01:31:51Z,converted_to_customer,0.0,"[{""agent_id"":1,""customer_id"":""225""}]"
657,72,2022-02-24T03:15:39Z,converted_to_customer,0.0,"[{""agent_id"":1,""customer_id"":""368""}]"
658,338,2022-09-04T15:05:00Z,converted_to_customer,0.0,"[{""agent_id"":1,""customer_id"":""224""}]"
659,212,2022-08-07T22:47:28Z,converted_to_customer,0.0,"[{""agent_id"":1,""customer_id"":""237""}]"
660,178,2022-10-17T10:12:04Z,converted_to_customer,0.0,"[{""agent_id"":1,""customer_id"":""436""}]"
661,422,2022-01-31T19:38:20Z,converted_to_customer,0.0,"[{""agent_id"":1,""customer_id"":""456""}]"
662,365,2022-07-11T07:42:02Z,converted_to_customer,0.0,"[{""agent_id"":1,""customer_id"":""190""}]"
663,444,2022-04-11T22:31:00Z,converted_to_customer,0.0,"[{""agent_id"":1,""customer_id"":""83""}]"
664,449,2022-02-15T08:20:21Z,converted_to_customer,0.0,"[{""agent_id"":1,""customer_id"":""196""}]"
665,117,2022-12-12T01:26:04Z,converted_to_customer,0.0,"[{""agent_id"":1,""customer_id"":""264""}]"
666,65,2022-06-26T14:00:44Z,converted_to_customer,0.0,"[{""agent_id"":1,""customer_id"":""49""}]"
667,496,2022-04-05T06:10:04Z,converted_to_customer,0.0,"[{""agent_id"":1,""customer_id"":""477""}]"
668,155,2022-03-31T06:20:11Z,converted_to_customer,0.0,"[{""agent_id"":1,""customer_id"":""143""}]"
669,33,2022-12-01T06:16:42Z,converted_to_customer,0.0,"[{""agent_id"":1,""customer_id"":""490""}]"
670,171,2022-03-05T03:26:46Z,converted_to_customer,0.0,"[{""agent_id"":1,""customer_id"":""345""}]"
671,154,2022-06-22T15:00:00Z,converted_to_customer,0.0,"[{""agent_id"":1,""customer_id"":""396""}]"
672,440,2022-04-17T03:57:57Z,converted_to_customer,0.0,"[{""agent_id"":1,""customer_id"":""74""}]"
673,357,2022-12-14T23:51:34Z,converted_to_customer,0.0,"[{""agent_id"":1,""customer_id"":""39""}]"
674,476,2022-04-28T13:24:19Z,converted_to_customer,0.0,"[{""agent_id"":1,""customer_id"":""341""}]"
675,435,2022-02-07T22:02:00Z,converted_to_customer,0.0,"[{""agent_id"":1,""customer_id"":""63""}]"
676,170,2022-09-06T10:56:56Z,converted_to_customer,0.0,"[{""agent_id"":1,""customer_id"":""290""}]"
677,335,2022-03-03T19:27:51Z,converted_to_customer,0.0,"[{""agent_id"":1,""customer_id"":""342""}]"
678,374,2022-01-20T18:53:41Z,converted_to_customer,0.0,"[{""agent_id"":1,""customer_id"":""446""}]"
679,442,2022-04-08T00:00:21Z,converted_to_customer,0.0,"[{""agent_id"":1,""customer_id"":""144""}]"
680,393,2022-07-18T04:58:29Z,converted_to_customer,0.0,"[{""agent_id"":1,""customer_id"":""320""}]"
681,304,2022-12-21T06:12:17Z,converted_to_customer,0.0,"[{""agent_id"":1,""customer_id"":""281""}]"
682,483,2022-10-10T19:56:52Z,converted_to_customer,0.0,"[{""agent_id"":1,""customer_id"":""71""}]"
683,485,2022-12-31T20:26:32Z,converted_to_customer,0.0,"[{""agent_id"":1,""customer_id"":""375""}]"
684,337,2022-07-31T13:29:40Z,converted_to_customer,0.0,"[{""agent_id"":1,""customer_id"":""466""}]"
685,240,2022-02-16T12:35:17Z,converted_to_customer,0.0,"[{""agent_id"":1,""customer_id"":""134""}]"
686,447,2022-03-24T13:57:35Z,converted_to_customer,0.0,"[{""agent_id"":1,""customer_id"":""403""}]"
687,30,2022-05-21T02:29:52Z,converted_to_customer,0.0,"[{""agent_id"":1,""customer_id"":""160""}]"
688,112,2022-02-22T01:17:43Z,converted_to_customer,0.0,"[{""agent_id"":1,""customer_id"":""291""}]"
689,316,2022-04-13T04:05:08Z,converted_to_customer,0.0,"[{""agent_id"":1,""customer_id"":""90""}]"
690,283,2022-06-21T17:25:41Z,converted_to_customer,0.0,"[{""agent_id"":1,""customer_id"":""210""}]"
691,231,2022-10-24T12:02:35Z,converted_to_customer,0.0,"[{""agent_id"":1,""customer_id"":""177""}]"
692,480,2022-09-09T14:41:33Z,converted_to_customer,0.0,"[{""agent_id"":1,""customer_id"":""350""}]"
693,104,2022-05-09T08:07:39Z,converted_to_customer,0.0,"[{""agent_id"":1,""customer_id"":""302""}]"
694,346,2022-01-21T05:22:38Z,converted_to_customer,0.0,"[{""agent_id"":1,""customer_id"":""335""}]"
695,324,2022-02-11T11:22:25Z,converted_to_customer,0.0,"[{""agent_id"":1,""customer_id"":""421""}]"
696,211,2022-05-09T11:16:06Z,converted_to_customer,0.0,"[{""agent_id"":1,""customer_id"":""240""}]"
697,41,2022-07-24T12:43:56Z,converted_to_customer,0.0,"[{""agent_id"":1,""customer_id"":""301""}]"
698,494,2022-11-01T12:59:08Z,converted_to_customer,0.0,"[{""agent_id"":1,""customer_id"":""174""}]"
699,24,2022-06-11T16:08:14Z,converted_to_customer,0.0,"[{""agent_id"":1,""customer_id"":""392""}]"
700,1,2022-02-22T02:08:28Z,converted_to_customer,0.0,"[{""agent_id"":1,""customer_id"":""9""}]"
701,432,2022-05-29T03:38:55Z,converted_to_customer,0.0,"[{""agent_id"":1,""customer_id"":""328""}]"
702,212,2022-11-07T00:46:26Z,converted_to_customer,0.0,"[{""agent_id"":1,""customer_id"":""158""}]"
703,397,2022-11-22T15:18:23Z,converted_to_customer,0.0,"[{""agent_id"":1,""customer_id"":""239""}]"
704,166,2022-02-04T01:34:04Z,converted_to_customer,0.0,"[{""agent_id"":1,""customer_id"":""263""}]"
705,226,2022-09-13T08:13:17Z,converted_to_customer,0.0,"[{""agent_id"":1,""customer_id"":""288""}]"
706,338,2022-05-19T17:02:11Z,converted_to_customer,0.0,"[{""agent_id"":1,""customer_id"":""76""}]"
707,227,2022-09-08T15:30:56Z,converted_to_customer,0.0,"[{""agent_id"":1,""customer_id"":""104""}]"
708,36,2022-12-05T12:01:37Z,converted_to_customer,0.0,"[{""agent_id"":1,""customer_id"":""30""}]"
709,137,2022-08-18T14:51:02Z,converted_to_customer,0.0,"[{""agent_id"":1,""customer_id"":""134""}]"
710,493,2022-01-10T12:56:11Z,converted_to_customer,0.0,"[{""agent_id"":1,""customer_id"":""173""}]"
711,487,2022-08-19T03:42:44Z,converted_to_customer,0.0,"[{""agent_id"":1,""customer_id"":""107""}]"
712,41,2022-03-01T09:14:56Z,converted_to_customer,0.0,"[{""agent_id"":1,""customer_id"":""354""}]"
713,287,2022-12-01T08:24:53Z,converted_to_customer,0.0,"[{""agent_id"":1,""customer_id"":""153""}]"
714,97,2022-11-16T17:50:31Z,converted_to_customer,0.0,"[{""agent_id"":1,""customer_id"":""361""}]"
715,441,2022-11-17T07:41:11Z,converted_to_customer,0.0,"[{""agent_id"":1,""customer_id"":""342""}]"
716,132,2022-07-11T09:50:58Z,converted_to_customer,0.0,"[{""agent_id"":1,""customer_id"":""471""}]"
717,127,2022-05-25T06:03:22Z,converted_to_customer,0.0,"[{""agent_id"":1,""customer_id"":""82""}]"
718,153,2022-09-03T18:05:26Z,converted_to_customer,0.0,"[{""agent_id"":1,""customer_id"":""316""}]"
719,348,2022-03-04T12:58:15Z,converted_to_customer,0.0,"[{""agent_id"":1,""customer_id"":""287""}]"
720,265,2022-06-17T13:26:30Z,converted_to_customer,0.0,"[{""agent_id"":1,""customer_id"":""443""}]"
721,65,2022-12-04T20:32:03Z,converted_to_customer,0.0,"[{""agent_id"":1,""customer_id"":""300""}]"
722,115,2022-07-10T15:24:46Z,converted_to_customer,0.0,"[{""agent_id"":1,""customer_id"":""398""}]"
723,311,2022-03-14T11:47:36Z,converted_to_customer,0.0,"[{""agent_id"":1,""customer_id"":""391""}]"
724,394,2022-09-13T12:19:07Z,converted_to_customer,0.0,"[{""agent_id"":1,""customer_id"":""85""}]"
725,118,2022-12-25T03:52:13Z,converted_to_customer,0.0,"[{""agent_id"":1,""customer_id"":""465""}]"
726,160,2022-04-07T12:50:42Z,converted_to_customer,0.0,"[{""agent_id"":1,""customer_id"":""447""}]"
727,259,2022-12-24T08:21:51Z,converted_to_customer,0.0,"[{""agent_id"":1,""customer_id"":""221""}]"
728,342,2022-01-19T15:25:19Z,converted_to_customer,0.0,"[{""agent_id"":1,""customer_id"":""126""}]"
729,53,2022-07-17T16:06:07Z,converted_to_customer,0.0,"[{""agent_id"":1,""customer_id"":""425""}]"
730,219,2022-10-20T20:12:34Z,converted_to_customer,0.0,"[{""agent_id"":1,""customer_id"":""376""}]"
731,224,2022-08-26T20:02:34Z,converted_to_customer,0.0,"[{""agent_id"":1,""customer_id"":""223""}]"
732,70,2022-11-25T13:15:54Z,converted_to_customer,0.0,"[{""agent_id"":1,""customer_id"":""228""}]"
733,168,2022-04-08T04:01:05Z,converted_to_customer,0.0,"[{""agent_id"":1,""customer_id"":""295""}]"
734,149,2022-04-03T20:00:41Z,converted_to_customer,0.0,"[{""agent_id"":1,""customer_id"":""365""}]"
735,349,2022-01-18T19:07:34Z,converted_to_customer,0.0,"[{""agent_id"":1,""customer_id"":""339""}]"
736,418,2022-05-01T16:09:05Z,converted_to_customer,0.0,"[{""agent_id"":1,""customer_id"":""34""}]"
737,415,2022-04-22T00:53:53Z,converted_to_customer,0.0,"[{""agent_id"":1,""customer_id"":""258""}]"
738,494,2022-07-06T03:51:51Z,converted_to_customer,0.0,"[{""agent_id"":1,""customer_id"":""6""}]"
739,358,2022-09-20T12:07:10Z,converted_to_customer,0.0,"[{""agent_id"":1,""customer_id"":""322""}]"
740,192,2022-12-18T09:28:59Z,converted_to_customer,0.0,"[{""agent_id"":1,""customer_id"":""252""}]"
741,78,2022-08-06T03:30:52Z,converted_to_customer,0.0,"[{""agent_id"":1,""customer_id"":""20""}]"
742,378,2022-08-26T22:45:27Z,converted_to_customer,0.0,"[{""agent_id"":1,""customer_id"":""327""}]"
743,316,2022-09-28T13:37:23Z,converted_to_customer,0.0,"[{""agent_id"":1,""customer_id"":""31""}]"
744,313,2022-12-22T23:51:58Z,converted_to_customer,0.0,"[{""agent_id"":1,""customer_id"":""4""}]"
745,395,2022-11-22T13:38:47Z,converted_to_customer,0.0,"[{""agent_id"":1,""customer_id"":""224""}]"
746,203,2022-07-04T00:15:55Z,converted_to_customer,0.0,"[{""agent_id"":1,""customer_id"":""303""}]"
747,355,2022-03-15T17:08:58Z,converted_to_customer,0.0,"[{""agent_id"":1,""customer_id"":""135""}]"
748,422,2022-06-24T02:13:26Z,converted_to_customer,0.0,"[{""agent_id"":1,""customer_id"":""204""}]"
749,277,2022-02-22T19:14:51Z,converted_to_customer,0.0,"[{""agent_id"":1,""customer_id"":""220""}]"
750,104,2022-11-27T02:41:06Z,converted_to_customer,0.0,"[{""agent_id"":1,""customer_id"":""497""}]"
751,80,2022-01-08T02:49:24Z,converted_to_customer,0.0,"[{""agent_id"":1,""customer_id"":""43""}]"
752,265,2022-01-18T02:24:33Z,converted_to_customer,0.0,"[{""agent_id"":1,""customer_id"":""67""}]"
753,106,2022-08-01T19:22:43Z,converted_to_customer,0.0,"[{""agent_id"":1,""customer_id"":""447""}]"
754,152,2022-04-25T08:48:07Z,converted_to_customer,0.0,"[{""agent_id"":1,""customer_id"":""478""}]"
755,32,2022-12-21T09:55:39Z,converted_to_customer,0.0,"[{""agent_id"":1,""customer_id"":""173""}]"
756,453,2022-06-29T21:07:28Z,converted_to_customer,0.0,"[{""agent_id"":1,""customer_id"":""110""}]"
757,12,2022-06-30T10:09:02Z,converted_to_customer,0.0,"[{""agent_id"":1,""customer_id"":""204""}]"
758,273,2022-08-04T11:51:55Z,converted_to_customer,0.0,"[{""agent_id"":1,""customer_id"":""99""}]"
759,413,2022-08-25T02:37:44Z,converted_to_customer,0.0,"[{""agent_id"":1,""customer_id"":""395""}]"
760,230,2022-04-02T05:20:13Z,converted_to_customer,0.0,"[{""agent_id"":1,""customer_id"":""142""}]"
761,105,2022-05-26T05:54:53Z,converted_to_customer,0.0,"[{""agent_id"":1,""customer_id"":""356""}]"
762,431,2022-09-19T00:21:48Z,converted_to_customer,0.0,"[{""agent_id"":1,""customer_id"":""453""}]"
763,134,2022-10-03T10:17:45Z,converted_to_customer,0.0,"[{""agent_id"":1,""customer_id"":""131""}]"
764,28,2022-08-30T16:07:36Z,converted_to_customer,0.0,"[{""agent_id"":1,""customer_id"":""78""}]"
765,331,2022-11-11T17:44:30Z,converted_to_customer,0.0,"[{""agent_id"":1,""customer_id"":""113""}]"
766,294,2022-04-02T09:19:58Z,converted_to_customer,0.0,"[{""agent_id"":1,""customer_id"":""290""}]"
767,119,2022-06-26T19:51:01Z,converted_to_customer,0.0,"[{""agent_id"":1,""customer_id"":""207""}]"
768,59,2022-08-09T16:37:30Z,converted_to_customer,0.0,"[{""agent_id"":1,""customer_id"":""469""}]"
769,471,2022-06-14T19:03:39Z,converted_to_customer,0.0,"[{""agent_id"":1,""customer_id"":""353""}]"
770,89,2022-05-10T01:29:33Z,converted_to_customer,0.0,"[{""agent_id"":1,""customer_id"":""253""}]"
771,107,2022-11-15T03:54:28Z,converted_to_customer,0.0,"[{""agent_id"":1,""customer_id"":""51""}]"
772,95,2022-05-06T21:49:52Z,converted_to_customer,0.0,"[{""agent_id"":1,""customer_id"":""25""}]"
773,304,2022-06-18T12:27:29Z,converted_to_customer,0.0,"[{""agent_id"":1,""customer_id"":""191""}]"
774,104,2022-11-25T22:37:58Z,converted_to_customer,0.0,"[{""agent_id"":1,""customer_id"":""293""}]"
775,20,2022-07-29T03:42:50Z,converted_to_customer,0.0,"[{""agent_id"":1,""customer_id"":""128""}]"
776,42,2022-09-05T16:25:01Z,converted_to_customer,0.0,"[{""agent_id"":1,""customer_id"":""215""}]"
777,467,2022-11-05T09:17:15Z,converted_to_customer,0.0,"[{""agent_id"":1,""customer_id"":""211""}]"
778,143,2022-11-03T18:36:19Z,converted_to_customer,0.0,"[{""agent_id"":1,""customer_id"":""165""}]"
779,477,2022-02-11T01:14:24Z,converted_to_customer,0.0,"[{""agent_id"":1,""customer_id"":""476""}]"
780,383,2022-09-03T13:50:49Z,converted_to_customer,0.0,"[{""agent_id"":1,""customer_id"":""90""}]"
781,483,2022-09-04T01:05:54Z,converted_to_customer,0.0,"[{""agent_id"":1,""customer_id"":""389""}]"
782,412,2022-12-24T10:32:04Z,converted_to_customer,0.0,"[{""agent_id"":1,""customer_id"":""372""}]"
783,160,2022-06-14T03:48:26Z,converted_to_customer,0.0,"[{""agent_id"":1,""customer_id"":""310""}]"
784,50,2022-05-09T05:18:54Z,converted_to_customer,0.0,"[{""agent_id"":1,""customer_id"":""163""}]"
785,466,2022-04-15T19:54:28Z,converted_to_customer,0.0,"[{""agent_id"":1,""customer_id"":""32""}]"
786,79,2022-08-07T13:53:07Z,converted_to_customer,0.0,"[{""agent_id"":1,""customer_id"":""362""}]"
787,249,2022-11-19T22:34:12Z,converted_to_customer,0.0,"[{""agent_id"":1,""customer_id"":""355""}]"
788,2,2022-01-13T09:26:51Z,converted_to_customer,0.0,"[{""agent_id"":1,""customer_id"":""306""}]"
789,162,2022-10-05T19:26:19Z,converted_to_customer,0.0,"[{""agent_id"":1,""customer_id"":""276""}]"
790,464,2022-07-11T01:10:01Z,converted_to_customer,0.0,"[{""agent_id"":1,""customer_id"":""302""}]"
791,370,2022-03-22T12:27:52Z,converted_to_customer,0.0,"[{""agent_id"":1,""customer_id"":""341""}]"
792,23,2022-10-25T13:42:44Z,converted_to_customer,0.0,"[{""agent_id"":1,""customer_id"":""77""}]"
793,441,2022-12-16T12:46:56Z,converted_to_customer,0.0,"[{""agent_id"":1,""customer_id"":""171""}]"
794,137,2022-04-19T20:49:03Z,converted_to_customer,0.0,"[{""agent_id"":1,""customer_id"":""399""}]"
795,476,2022-07-08T09:44:43Z,converted_to_customer,0.0,"[{""agent_id"":1,""customer_id"":""261""}]"
796,352,2022-10-09T20:07:15Z,converted_to_customer,0.0,"[{""agent_id"":1,""customer_id"":""483""}]"
797,37,2022-09-27T02:54:58Z,converted_to_customer,0.0,"[{""agent_id"":1,""customer_id"":""397""}]"
798,14,2022-11-24T09:34:25Z,converted_to_customer,0.0,"[{""agent_id"":1,""customer_id"":""147""}]"
799,204,2022-09-08T11:59:41Z,converted_to_customer,0.0,"[{""agent_id"":1,""customer_id"":""347""}]"
800,236,2022-06-29T12:10:50Z,converted_to_customer,0.0,"[{""agent_id"":1,""customer_id"":""86""}]"
801,178,2022-11-13T09:06:37Z,converted_to_customer,0.0,"[{""agent_id"":1,""customer_id"":""76""}]"
802,403,2022-08-04T23:09:31Z,converted_to_customer,0.0,"[{""agent_id"":1,""customer_id"":""373""}]"
803,453,2022-12-03T04:58:46Z,converted_to_customer,0.0,"[{""agent_id"":1,""customer_id"":""389""}]"
804,182,2022-12-31T09:39:03Z,converted_to_customer,0.0,"[{""agent_id"":1,""customer_id"":""156""}]"
805,30,2022-06-28T11:10:37Z,converted_to_customer,0.0,"[{""agent_id"":1,""customer_id"":""182""}]"
806,189,2022-03-29T02:35:15Z,converted_to_customer,0.0,"[{""agent_id"":1,""customer_id"":""466""}]"
807,29,2022-09-16T04:59:37Z,converted_to_customer,0.0,"[{""agent_id"":1,""customer_id"":""11""}]"
808,419,2022-05-17T03:43:25Z,converted_to_customer,0.0,"[{""agent_id"":1,""customer_id"":""496""}]"
809,17,2022-08-29T00:35:19Z,converted_to_customer,0.0,"[{""agent_id"":1,""customer_id"":""269""}]"
810,202,2022-03-02T21:21:57Z,converted_to_customer,0.0,"[{""agent_id"":1,""customer_id"":""488""}]"
811,407,2022-03-22T19:02:25Z,converted_to_customer,0.0,"[{""agent_id"":1,""customer_id"":""310""}]"
812,449,2022-06-20T18:29:22Z,converted_to_customer,0.0,"[{""agent_id"":1,""customer_id"":""211""}]"
813,49,2022-01-16T03:09:10Z,converted_to_customer,0.0,"[{""agent_id"":1,""customer_id"":""415""}]"
814,436,2022-07-26T10:11:24Z,converted_to_customer,0.0,"[{""agent_id"":1,""customer_id"":""397""}]"
815,71,2022-12-24T10:52:03Z,converted_to_customer,0.0,"[{""agent_id"":1,""customer_id"":""446""}]"
816,373,2022-05-13T08:38:04Z,converted_to_customer,0.0,"[{""agent_id"":1,""customer_id"":""425""}]"
817,348,2022-06-17T17:12:42Z,converted_to_customer,0.0,"[{""agent_id"":1,""customer_id"":""469""}]"
818,264,2022-12-06T20:18:56Z,converted_to_customer,0.0,"[{""agent_id"":1,""customer_id"":""267""}]"
819,357,2022-05-28T16:12:48Z,converted_to_customer,0.0,"[{""agent_id"":1,""customer_id"":""88""}]"
820,205,2022-12-12T15:39:41Z,converted_to_customer,0.0,"[{""agent_id"":1,""customer_id"":""95""}]"
821,370,2022-11-23T13:14:02Z,converted_to_customer,0.0,"[{""agent_id"":1,""customer_id"":""264""}]"
822,121,2022-06-19T09:03:22Z,converted_to_customer,0.0,"[{""agent_id"":1,""customer_id"":""369""}]"
823,160,2022-03-07T15:28:02Z,converted_to_customer,0.0,"[{""agent_id"":1,""customer_id"":""255""}]"
824,485,2022-09-15T10:39:07Z,converted_to_customer,0.0,"[{""agent_id"":1,""customer_id"":""103""}]"
825,275,2022-02-20T23:22:57Z,converted_to_customer,0.0,"[{""agent_id"":1,""customer_id"":""115""}]"
826,322,2022-12-04T00:44:09Z,converted_to_customer,0.0,"[{""agent_id"":1,""customer_id"":""183""}]"
827,468,2022-09-25T20:29:34Z,converted_to_customer,0.0,"[{""agent_id"":1,""customer_id"":""304""}]"
828,159,2022-03-10T14:49:21Z,converted_to_customer,0.0,"[{""agent_id"":1,""customer_id"":""430""}]"
829,303,2022-04-19T03:25:30Z,converted_to_customer,0.0,"[{""agent_id"":1,""customer_id"":""237""}]"
830,32,2022-03-27T21:31:35Z,converted_to_customer,0.0,"[{""agent_id"":1,""customer_id"":""25""}]"
831,340,2022-12-31T03:48:43Z,converted_to_customer,0.0,"[{""agent_id"":1,""customer_id"":""414""}]"
832,388,2022-10-17T01:00:59Z,converted_to_customer,0.0,"[{""agent_id"":1,""customer_id"":""393""}]"
833,95,2022-04-12T10:44:28Z,converted_to_customer,0.0,"[{""agent_id"":1,""customer_id"":""327""}]"
834,96,2022-01-21T17:39:23Z,converted_to_customer,0.0,"[{""agent_id"":1,""customer_id"":""411""}]"
835,117,2022-08-12T01:29:25Z,converted_to_customer,0.0,"[{""agent_id"":1,""customer_id"":""307""}]"
836,185,2022-03-22T14:48:16Z,converted_to_customer,0.0,"[{""agent_id"":1,""customer_id"":""437""}]"
837,321,2022-11-18T20:33:16Z,converted_to_customer,0.0,"[{""agent_id"":1,""customer_id"":""392""}]"
838,363,2022-07-02T11:14:19Z,converted_to_customer,0.0,"[{""agent_id"":1,""customer_id"":""294""}]"
839,131,2022-11-01T09:23:01Z,converted_to_customer,0.0,"[{""agent_id"":1,""customer_id"":""174""}]"
840,480,2022-02-27T21:11:16Z,converted_to_customer,0.0,"[{""agent_id"":1,""customer_id"":""268""}]"
841,460,2022-09-19T04:25:26Z,converted_to_customer,0.0,"[{""agent_id"":1,""customer_id"":""116""}]"
842,339,2022-11-21T22:25:12Z,converted_to_customer,0.0,"[{""agent_id"":1,""customer_id"":""395""}]"
843,83,2022-06-11T20:13:16Z,converted_to_customer,0.0,"[{""agent_id"":1,""customer_id"":""467""}]"
844,378,2022-01-29T00:25:56Z,converted_to_customer,0.0,"[{""agent_id"":1,""customer_id"":""224""}]"
845,317,2022-02-21T06:24:05Z,converted_to_customer,0.0,"[{""agent_id"":1,""customer_id"":""299""}]"
846,62,2022-12-08T06:20:31Z,converted_to_customer,0.0,"[{""agent_id"":1,""customer_id"":""166""}]"
847,482,2022-11-14T04:26:09Z,converted_to_customer,0.0,"[{""agent_id"":1,""customer_id"":""20""}]"
848,383,2022-06-18T18:30:09Z,converted_to_customer,0.0,"[{""agent_id"":1,""customer_id"":""126""}]"
849,328,2022-03-11T21:36:53Z,converted_to_customer,0.0,"[{""agent_id"":1,""customer_id"":""125""}]"
850,226,2022-06-24T03:39:45Z,converted_to_customer,0.0,"[{""agent_id"":1,""customer_id"":""64""}]"
851,174,2022-04-06T04:10:19Z,converted_to_customer,0.0,"[{""agent_id"":1,""customer_id"":""198""}]"
852,481,2022-06-17T07:19:05Z,converted_to_customer,0.0,"[{""agent_id"":1,""customer_id"":""48""}]"
853,417,2022-09-07T04:21:54Z,converted_to_customer,0.0,"[{""agent_id"":1,""customer_id"":""31""}]"
854,451,2022-06-11T19:18:53Z,converted_to_customer,0.0,"[{""agent_id"":1,""customer_id"":""479""}]"
855,1,2022-09-12T22:58:09Z,converted_to_customer,0.0,"[{""agent_id"":1,""customer_id"":""216""}]"
856,349,2022-06-27T03:27:08Z,converted_to_customer,0.0,"[{""agent_id"":1,""customer_id"":""113""}]"
857,450,2022-06-20T08:49:48Z,converted_to_customer,0.0,"[{""agent_id"":1,""customer_id"":""137""}]"
858,209,2022-11-05T02:03:15Z,converted_to_customer,0.0,"[{""agent_id"":1,""customer_id"":""290""}]"
859,444,2022-01-15T10:33:11Z,converted_to_customer,0.0,"[{""agent_id"":1,""customer_id"":""58""}]"
860,475,2022-12-16T23:58:18Z,converted_to_customer,0.0,"[{""agent_id"":1,""customer_id"":""69""}]"
861,407,2022-07-25T22:41:20Z,converted_to_customer,0.0,"[{""agent_id"":1,""customer_id"":""350""}]"
862,250,2022-08-16T05:01:16Z,converted_to_customer,0.0,"[{""agent_id"":1,""customer_id"":""186""}]"
863,261,2022-01-11T02:42:28Z,converted_to_customer,0.0,"[{""agent_id"":1,""customer_id"":""328""}]"
864,366,2022-03-15T17:07:47Z,converted_to_customer,0.0,"[{""agent_id"":1,""customer_id"":""267""}]"
865,314,2022-04-04T03:40:07Z,converted_to_customer,0.0,"[{""agent_id"":1,""customer_id"":""145""}]"
866,336,2022-12-25T09:58:59Z,converted_to_customer,0.0,"[{""agent_id"":1,""customer_id"":""398""}]"
867,28,2022-05-07T16:08:12Z,converted_to_customer,0.0,"[{""agent_id"":1,""customer_id"":""493""}]"
868,341,2022-06-18T17:10:08Z,converted_to_customer,0.0,"[{""agent_id"":1,""customer_id"":""388""}]"
869,105,2022-04-04T11:54:44Z,converted_to_customer,0.0,"[{""agent_id"":1,""customer_id"":""118""}]"
870,425,2022-01-22T00:22:55Z,converted_to_customer,0.0,"[{""agent_id"":1,""customer_id"":""336""}]"
871,462,2022-02-13T06:34:09Z,converted_to_customer,0.0,"[{""agent_id"":1,""customer_id"":""331""}]"
872,22,2022-01-13T07:06:35Z,converted_to_customer,0.0,"[{""agent_id"":1,""customer_id"":""335""}]"
873,144,2022-11-07T15:45:59Z,converted_to_customer,0.0,"[{""agent_id"":1,""customer_id"":""341""}]"
874,8,2022-04-11T17:54:46Z,converted_to_customer,0.0,"[{""agent_id"":1,""customer_id"":""166""}]"
875,187,2022-04-13T01:29:50Z,converted_to_customer,0.0,"[{""agent_id"":1,""customer_id"":""494""}]"
876,164,2022-06-22T17:30:15Z,converted_to_customer,0.0,"[{""agent_id"":1,""customer_id"":""61""}]"
877,161,2022-02-01T19:50:54Z,converted_to_customer,0.0,"[{""agent_id"":1,""customer_id"":""485""}]"
878,145,2022-08-29T17:18:32Z,converted_to_customer,0.0,"[{""agent_id"":1,""customer_id"":""273""}]"
879,38,2022-08-28T20:13:25Z,converted_to_customer,0.0,"[{""agent_id"":1,""customer_id"":""456""}]"
880,449,2022-12-05T00:21:16Z,converted_to_customer,0.0,"[{""agent_id"":1,""customer_id"":""266""}]"
881,107,2022-05-27T16:40:27Z,converted_to_customer,0.0,"[{""agent_id"":1,""customer_id"":""59""}]"
882,367,2022-12-23T12:34:55Z,converted_to_customer,0.0,"[{""agent_id"":1,""customer_id"":""33""}]"
883,224,2022-03-06T09:06:36Z,converted_to_customer,0.0,"[{""agent_id"":1,""customer_id"":""154""}]"
884,156,2022-07-10T20:48:10Z,converted_to_customer,0.0,"[{""agent_id"":1,""customer_id"":""60""}]"
885,397,2022-08-05T03:31:49Z,converted_to_customer,0.0,"[{""agent_id"":1,""customer_id"":""440""}]"
886,332,2022-09-10T17:38:45Z,converted_to_customer,0.0,"[{""agent_id"":1,""customer_id"":""123""}]"
887,153,2022-05-31T07:34:11Z,converted_to_customer,0.0,"[{""agent_id"":1,""customer_id"":""209""}]"
888,491,2022-07-07T19:46:44Z,converted_to_customer,0.0,"[{""agent_id"":1,""customer_id"":""133""}]"
889,282,2022-11-24T08:02:17Z,converted_to_customer,0.0,"[{""agent_id"":1,""customer_id"":""184""}]"
890,208,2022-09-26T14:24:08Z,converted_to_customer,0.0,"[{""agent_id"":1,""customer_id"":""100""}]"
891,399,2022-12-31T23:29:21Z,converted_to_customer,0.0,"[{""agent_id"":1,""customer_id"":""257""}]"
892,35,2022-02-20T19:01:37Z,converted_to_customer,0.0,"[{""agent_id"":1,""customer_id"":""106""}]"
893,369,2022-03-25T13:53:30Z,converted_to_customer,0.0,"[{""agent_id"":1,""customer_id"":""492""}]"
894,337,2022-07-27T01:02:29Z,converted_to_customer,0.0,"[{""agent_id"":1,""customer_id"":""196""}]"
895,395,2022-09-16T17:38:10Z,converted_to_customer,0.0,"[{""agent_id"":1,""customer_id"":""326""}]"
896,32,2022-03-12T16:10:01Z,converted_to_customer,0.0,"[{""agent_id"":1,""customer_id"":""176""}]"
897,36,2022-04-01T07:22:48Z,converted_to_customer,0.0,"[{""agent_id"":1,""customer_id"":""175""}]"
898,301,2022-10-01T02:25:55Z,converted_to_customer,0.0,"[{""agent_id"":1,""customer_id"":""88""}]"
899,343,2022-01-06T03:26:11Z,converted_to_customer,0.0,"[{""agent_id"":1,""customer_id"":""498""}]"
900,288,2022-10-19T12:32:11Z,converted_to_customer,0.0,"[{""agent_id"":1,""customer_id"":""345""}]"
901,106,2022-10-05T05:47:39Z,converted_to_customer,0.0,"[{""agent_id"":1,""customer_id"":""344""}]"
902,483,2022-12-25T01:47:44Z,converted_to_customer,0.0,"[{""agent_id"":1,""customer_id"":""121""}]"
903,283,2022-03-21T22:47:01Z,converted_to_customer,0.0,"[{""agent_id"":1,""customer_id"":""493""}]"
904,179,2022-12-07T00:06:36Z,converted_to_customer,0.0,"[{""agent_id"":1,""customer_id"":""230""}]"
905,464,2022-08-21T05:17:56Z,converted_to_customer,0.0,"[{""agent_id"":1,""customer_id"":""40""}]"
906,205,2022-03-12T21:08:30Z,converted_to_customer,0.0,"[{""agent_id"":1,""customer_id"":""57""}]"
907,420,2022-09-18T14:05:43Z,converted_to_customer,0.0,"[{""agent_id"":1,""customer_id"":""138""}]"
908,277,2022-08-24T07:23:26Z,converted_to_customer,0.0,"[{""agent_id"":1,""customer_id"":""240""}]"
909,370,2022-12-06T18:21:11Z,converted_to_customer,0.0,"[{""agent_id"":1,""customer_id"":""104""}]"
910,431,2022-10-29T16:54:34Z,converted_to_customer,0.0,"[{""agent_id"":1,""customer_id"":""395""}]"
911,448,2022-08-08T20:55:41Z,converted_to_customer,0.0,"[{""agent_id"":1,""customer_id"":""285""}]"
912,20,2022-09-19T04:34:36Z,converted_to_customer,0.0,"[{""agent_id"":1,""customer_id"":""119""}]"
913,423,2022-08-12T11:04:25Z,converted_to_customer,0.0,"[{""agent_id"":1,""customer_id"":""222""}]"
914,108,2022-09-23T23:33:41Z,converted_to_customer,0.0,"[{""agent_id"":1,""customer_id"":""404""}]"
915,369,2022-07-18T06:01:43Z,converted_to_customer,0.0,"[{""agent_id"":1,""customer_id"":""184""}]"
916,461,2022-02-11T10:16:07Z,converted_to_customer,0.0,"[{""agent_id"":1,""customer_id"":""457""}]"
917,350,2022-07-24T22:31:00Z,converted_to_customer,0.0,"[{""agent_id"":1,""customer_id"":""45""}]"
918,452,2022-09-12T13:47:16Z,converted_to_customer,0.0,"[{""agent_id"":1,""customer_id"":""480""}]"
919,460,2022-09-08T19:04:38Z,converted_to_customer,0.0,"[{""agent_id"":1,""customer_id"":""228""}]"
920,488,2022-03-28T02:10:47Z,converted_to_customer,0.0,"[{""agent_id"":1,""customer_id"":""459""}]"
921,288,2022-01-19T08:51:27Z,converted_to_customer,0.0,"[{""agent_id"":1,""customer_id"":""167""}]"
922,135,2022-04-09T19:57:10Z,converted_to_customer,0.0,"[{""agent_id"":1,""customer_id"":""239""}]"
923,61,2022-11-23T15:12:42Z,converted_to_customer,0.0,"[{""agent_id"":1,""customer_id"":""500""}]"
924,466,2022-08-14T12:56:05Z,converted_to_customer,0.0,"[{""agent_id"":1,""customer_id"":""234""}]"
925,10,2022-09-16T04:53:45Z,converted_to_customer,0.0,"[{""agent_id"":1,""customer_id"":""250""}]"
926,346,2022-10-06T12:14:32Z,converted_to_customer,0.0,"[{""agent_id"":1,""customer_id"":""74""}]"
927,56,2022-12-05T16:00:42Z,converted_to_customer,0.0,"[{""agent_id"":1,""customer_id"":""64""}]"
928,120,2022-09-09T15:09:59Z,converted_to_customer,0.0,"[{""agent_id"":1,""customer_id"":""446""}]"
929,238,2022-03-26T05:39:19Z,converted_to_customer,0.0,"[{""agent_id"":1,""customer_id"":""190""}]"
930,351,2022-07-28T10:53:46Z,converted_to_customer,0.0,"[{""agent_id"":1,""customer_id"":""114""}]"
931,302,2022-03-18T21:30:31Z,converted_to_customer,0.0,"[{""agent_id"":1,""customer_id"":""70""}]"
932,477,2022-12-12T06:38:12Z,converted_to_customer,0.0,"[{""agent_id"":1,""customer_id"":""5""}]"
933,278,2022-09-25T02:27:42Z,converted_to_customer,0.0,"[{""agent_id"":1,""customer_id"":""429""}]"
934,404,2022-12-05T23:22:41Z,converted_to_customer,0.0,"[{""agent_id"":1,""customer_id"":""472""}]"
935,343,2022-03-20T19:54:26Z,converted_to_customer,0.0,"[{""agent_id"":1,""customer_id"":""444""}]"
936,152,2022-09-08T02:01:14Z,converted_to_customer,0.0,"[{""agent_id"":1,""customer_id"":""79""}]"
937,161,2022-09-27T19:50:13Z,converted_to_customer,0.0,"[{""agent_id"":1,""customer_id"":""251""}]"
938,447,2022-04-30T21:33:02Z,converted_to_customer,0.0,"[{""agent_id"":1,""customer_id"":""448""}]"
939,69,2022-09-25T13:14:46Z,converted_to_customer,0.0,"[{""agent_id"":1,""customer_id"":""477""}]"
940,264,2022-10-12T23:50:54Z,converted_to_customer,0.0,"[{""agent_id"":1,""customer_id"":""349""}]"
941,380,2022-07-25T00:04:07Z,converted_to_customer,0.0,"[{""agent_id"":1,""customer_id"":""287""}]"
942,433,2022-03-03T18:58:51Z,converted_to_customer,0.0,"[{""agent_id"":1,""customer_id"":""224""}]"
943,48,2022-06-22T14:15:54Z,converted_to_customer,0.0,"[{""agent_id"":1,""customer_id"":""415""}]"
944,34,2022-04-04T23:03:05Z,converted_to_customer,0.0,"[{""agent_id"":1,""customer_id"":""48""}]"
945,184,2022-03-01T11:22:14Z,converted_to_customer,0.0,"[{""agent_id"":1,""customer_id"":""394""}]"
946,443,2022-03-05T12:29:57Z,converted_to_customer,0.0,"[{""agent_id"":1,""customer_id"":""458""}]"
947,441,2022-06-04T01:35:02Z,converted_to_customer,0.0,"[{""agent_id"":1,""customer_id"":""166""}]"
948,279,2022-07-08T18:28:53Z,converted_to_customer,0.0,"[{""agent_id"":1,""customer_id"":""176""}]"
949,318,2022-07-30T13:50:18Z,converted_to_customer,0.0,"[{""agent_id"":1,""customer_id"":""106""}]"
950,38,2022-10-25T21:48:20Z,converted_to_customer,0.0,"[{""agent_id"":1,""customer_id"":""454""}]"
951,497,2022-06-15T04:33:19Z,converted_to_customer,0.0,"[{""agent_id"":1,""customer_id"":""67""}]"
952,34,2022-10-17T01:03:38Z,converted_to_customer,0.0,"[{""agent_id"":1,""customer_id"":""309""}]"
953,437,2022-03-09T21:53:24Z,converted_to_customer,0.0,"[{""agent_id"":1,""customer_id"":""197""}]"
954,25,2022-12-24T12:59:14Z,converted_to_customer,0.0,"[{""agent_id"":1,""customer_id"":""325""}]"
955,135,2022-10-17T02:45:58Z,converted_to_customer,0.0,"[{""agent_id"":1,""customer_id"":""143""}]"
956,131,2022-04-03T23:39:32Z,converted_to_customer,0.0,"[{""agent_id"":1,""customer_id"":""25""}]"
957,180,2022-03-22T07:43:09Z,converted_to_customer,0.0,"[{""agent_id"":1,""customer_id"":""478""}]"
958,328,2022-08-30T15:35:09Z,converted_to_customer,0.0,"[{""agent_id"":1,""customer_id"":""457""}]"
959,226,2022-12-31T22:41:47Z,converted_to_customer,0.0,"[{""agent_id"":1,""customer_id"":""270""}]"
960,139,2022-05-16T11:31:55Z,converted_to_customer,0.0,"[{""agent_id"":1,""customer_id"":""311""}]"
961,102,2022-02-18T10:06:07Z,converted_to_customer,0.0,"[{""agent_id"":1,""customer_id"":""76""}]"
962,265,2022-10-02T12:04:14Z,converted_to_customer,0.0,"[{""agent_id"":1,""customer_id"":""104""}]"
963,82,2022-10-08T06:33:30Z,converted_to_customer,0.0,"[{""agent_id"":1,""customer_id"":""426""}]"
964,440,2022-12-25T06:59:02Z,converted_to_customer,0.0,"[{""agent_id"":1,""customer_id"":""231""}]"
965,140,2022-04-27T20:19:37Z,converted_to_customer,0.0,"[{""agent_id"":1,""customer_id"":""389""}]"
966,92,2022-12-07T15:49:01Z,converted_to_customer,0.0,"[{""agent_id"":1,""customer_id"":""208""}]"
967,291,2022-02-25T10:45:05Z,converted_to_customer,0.0,"[{""agent_id"":1,""customer_id"":""479""}]"
968,41,2022-09-04T22:25:36Z,converted_to_customer,0.0,"[{""agent_id"":1,""customer_id"":""266""}]"
969,365,2022-11-03T17:54:47Z,converted_to_customer,0.0,"[{""agent_id"":1,""customer_id"":""27""}]"
970,487,2022-07-28T14:36:42Z,converted_to_customer,0.0,"[{""agent_id"":1,""customer_id"":""171""}]"
971,419,2022-03-24T01:46:15Z,converted_to_customer,0.0,"[{""agent_id"":1,""customer_id"":""69""}]"
972,327,2022-08-22T11:14:01Z,converted_to_customer,0.0,"[{""agent_id"":1,""customer_id"":""213""}]"
973,456,2022-10-11T09:53:12Z,converted_to_customer,0.0,"[{""agent_id"":1,""customer_id"":""463""}]"
974,241,2022-10-20T08:44:26Z,converted_to_customer,0.0,"[{""agent_id"":1,""customer_id"":""168""}]"
975,400,2022-08-22T22:05:27Z,converted_to_customer,0.0,"[{""agent_id"":1,""customer_id"":""136""}]"
976,48,2022-06-21T05:24:49Z,converted_to_customer,0.0,"[{""agent_id"":1,""customer_id"":""68""}]"
977,83,2022-12-16T00:58:46Z,converted_to_customer,0.0,"[{""agent_id"":1,""customer_id"":""127""}]"
978,390,2022-11-02T07:58:30Z,converted_to_customer,0.0,"[{""agent_id"":1,""customer_id"":""404""}]"
979,359,2022-10-18T09:02:03Z,converted_to_customer,0.0,"[{""agent_id"":1,""customer_id"":""297""}]"
980,277,2022-07-08T16:49:03Z,converted_to_customer,0.0,"[{""agent_id"":1,""customer_id"":""284""}]"
981,448,2022-08-25T03:14:09Z,converted_to_customer,0.0,"[{""agent_id"":1,""customer_id"":""361""}]"
982,452,2022-01-05T12:45:18Z,converted_to_customer,0.0,"[{""agent_id"":1,""customer_id"":""446""}]"
983,10,2022-12-30T17:49:53Z,converted_to_customer,0.0,"[{""agent_id"":1,""customer_id"":""43""}]"
984,329,2022-09-06T01:42:25Z,converted_to_customer,0.0,"[{""agent_id"":1,""customer_id"":""451""}]"
985,310,2022-10-12T22:23:06Z,converted_to_customer,0.0,"[{""agent_id"":1,""customer_id"":""427""}]"
986,317,2022-03-18T01:08:13Z,converted_to_customer,0.0,"[{""agent_id"":1,""customer_id"":""388""}]"
987,344,2022-07-25T16:18:52Z,converted_to_customer,0.0,"[{""agent_id"":1,""customer_id"":""172""}]"
988,165,2022-01-15T11:29:52Z,converted_to_customer,0.0,"[{""agent_id"":1,""customer_id"":""407""}]"
989,346,2022-09-09T01:14:24Z,converted_to_customer,0.0,"[{""agent_id"":1,""customer_id"":""346""}]"
990,420,2022-02-24T20:41:48Z,converted_to_customer,0.0,"[{""agent_id"":1,""customer_id"":""132""}]"
991,287,2022-01-18T01:49:23Z,converted_to_customer,0.0,"[{""agent_id"":1,""customer_id"":""480""}]"
992,143,2022-11-20T08:46:32Z,converted_to_customer,0.0,"[{""agent_id"":1,""customer_id"":""347""}]"
993,164,2022-02-20T11:55:13Z,converted_to_customer,0.0,"[{""agent_id"":1,""customer_id"":""469""}]"
994,193,2022-11-01T07:44:29Z,converted_to_customer,0.0,"[{""agent_id"":1,""customer_id"":""249""}]"
995,196,2022-03-03T05:06:25Z,converted_to_customer,0.0,"[{""agent_id"":1,""customer_id"":""189""}]"
996,225,2022-12-05T04:14:38Z,converted_to_customer,0.0,"[{""agent_id"":1,""customer_id"":""359""}]"
997,222,2022-12-12T14:18:00Z,converted_to_customer,0.0,"[{""agent_id"":1,""customer_id"":""372""}]"
998,275,2022-04-28T13:08:38Z,converted_to_customer,0.0,"[{""agent_id"":1,""customer_id"":""482""}]"
999,175,2022-05-21T21:05:18Z,converted_to_customer,0.0,"[{""agent_id"":1,""customer_id"":""137""}]"
1000,147,2022-11-04T06:26:11Z,converted_to_customer,0.0,"[{""agent_id"":1,""customer_id"":""356""}]"
